Comment,Designator,Footprint,LCSC Part #
SMBJ20CA,D1,D_SMB,C7470962
1u 50V X7R,"C1,C4",C_0805_2012Metric,C6641028
100n 50V X7R,"C2,C9,C24,C40",C_0402_1005Metric,C7229230
0.47R,R19,R_0805_2012Metric,C6642461
10u 50V X7R,"C8,C33,C6,C7,C10,C22,C23",C_1210_3225Metric,C17498688
CSD19537Q3,Q1,VSON-8_3.3x3.3mm_P0.65mm_NexFET,
BSS138,"Q2,Q6,Q7,Q8,Q9,Q10",SOT-23,C7420339
TPS26631RGER,U1,Texas_RGE0024H_VQFN-24-1EP_4x4mm_P0.5mm_EP2.7x2.7mm_ThermalVias,
383k 1%,"R1,R6",R_0402_1005Metric,
100k 1%,"R2,R4,R7,R32",R_0402_1005Metric,C25741
1.50M 1%,R3,R_0402_1005Metric,
3.57k 1%,R5,R_0402_1005Metric,
22n 16V X7R,C3,C_0402_1005Metric,C16193383
4.7k,R8,R_0603_1608Metric,C6548387
RED,D2,LED_0402_1005Metric,C7420553
10m 1% 0.5W,R9,R_1206_3216Metric,C6730232
INA226AIDGSR,"U2,U8",VSSOP-10_3x3mm_P0.5mm,
100n 16V,"C5,C12,C25,C30,C50,C63,C64,C70,C71,C72,C74,C75,C77,C81",C_0402_1005Metric,C1525
1M,"R10,R11,R30",R_0402_1005Metric,C26083
10k,"R12,R33,R35,R50,R53,R60,R61,R62,R63",R_0402_1005Metric,C25744
LMR33640DDDAR,U3,Texas_HSOP-8-1EP_3.9x4.9mm_P1.27mm_ThermalVias,
220n 50V X7R,C11,C_0603_1608Metric,C7300906
1u 10V,"C13,C41,C73",C_0402_1005Metric,C52923
XGL4030-332MEC,L1,L_Coilcraft_XxL4030,
22u 10V X5R,"C14,C15,C16,C19,C27,C28",C_0805_2012Metric,C45783
100k 0.5%,R13,R_0402_1005Metric,C6549335
24.0k 0.5%,R14,R_0402_1005Metric,
102k 1%,R15,R_0402_1005Metric,C7466147
24.3k 1%,R16,R_0402_1005Metric,
100k,"R17,R24,R34,R64",R_0402_1005Metric,C25741
LM74700QDBVRQ1,"U4,U5,U6",SOT-23-6,
220n 25V X7R,"C18,C20,C21",C_0603_1608Metric,C7282379
CSD17578Q3A,"Q3,Q4,Q5",VSON-8_3.3x3.3mm_P0.65mm_NexFET,
2.2k,R18,R_0402_1005Metric,C25879
GREEN,D3,LED_0402_1005Metric,
TPS62933FDRLR,U7,SOT-583-8,
22n 16V,C26,C_0402_1005Metric,C16193383
XGL4030-222MEC,L2,L_Coilcraft_XxL4030,C6616463
31.6k 1%,R20,R_0402_1005Metric,
10.0k 1%,R21,R_0402_1005Metric,C25744
20m 1% 0.5W,R22,R_1206_3216Metric,C7023637
10u 10V X5R,C31,C_0603_1608Metric,C19702
BLM31KN601SN1L,FB1,L_1206_3216Metric,
4.7M,R23,R_0402_1005Metric,
2.2n 16V,C32,C_0402_1005Metric,C17232142
LTC2955ITS8-2#TRPBF,U9,TSOT-23-8,
787k 1%,R31,R_0402_1005Metric,
EVQ-P7A01P,SW1,SW_SPST_EVQP7A,
SM02B-SRSS-TB,J6,JST_SH_SM02B-SRSS-TB_1x02-1MP_P1.00mm_Horizontal,
TPD1E10B06DPYR,D4,D_0402_1005Metric,
"Pi 40-pin (female, 11 mm stack)",J2,PinSocket_2x20_P2.54mm_Vertical,
3.9k,"R51,R52",R_0402_1005Metric,C7468700
XDMP-052-A01,J3,MiniPCIe_Lianxin_XDMP-052-A01_H5.2,C7498130
47u 6.3V X5R,"C60,C61",C_1206_3216Metric,C7432787
T520V227M006ATE015,C62,CP_EIA-7343-20_Kemet-V,
CPH3225A,C76,Seiko_CPH3225A,
10u 10V,C80,C_0603_1608Metric,C19702
68R,R81,R_1206_3216Metric,
10n 16V,C82,C_0402_1005Metric,C15195
LQG15HS27NJ02D,L80,L_0402_1005Metric,
47p C0G,C83,C_0402_1005Metric,C6870379
U.FL-R-SMT-1(10),J4,U.FL_Hirose_U.FL-R-SMT-1_Vertical,
1k,R48,R_0402_1005Metric,C7038379
0R,"R40,R41,R42,R43,R44,R45,R46,R47",R_0402_1005Metric,C17168
VBAT 6-17V,TP1,TestPoint_Keystone_5015_Micro-Minature,
5V 5.10-5.25,TP2,TestPoint_Keystone_5015_Micro-Minature,
3V3 HaLow 3.2-3.4,TP3,TestPoint_Keystone_5015_Micro-Minature,
GND,TP4,TestPoint_Keystone_5015_Micro-Minature,
