Refs,Qty,Value,Footprint,MPN,Manufacturer,Tier,LCSC,Assembly,Note
"C1,C4",2,1u 50V X7R,C_0805_2012Metric,,,C,,JLCPCB,
"C2,C24,C40",3,100n 50V X7R,C_0402_1005Metric,,,C,,JLCPCB,
C3,1,22n 16V X7R,C_0402_1005Metric,,,C,,JLCPCB,2.27 V/ms soft start
"C5,C12,C18,C20,C21,C25,C30,C50,C63,C64,C70,C71,C72,C74,C75,C81",16,100n 16V,C_0402_1005Metric,,,C,,JLCPCB,
"C6,C7,C10,C22,C23",5,10u 35V X5R,C_1206_3216Metric,,,C,,JLCPCB,
C11,1,220n 50V X7R,C_0603_1608Metric,,,C,,JLCPCB,hot-loop cap: closest to VIN/PGND
"C13,C41,C73",3,1u 10V,C_0402_1005Metric,,,C,,JLCPCB,
"C14,C15,C16,C19,C27,C28",6,22u 10V X5R,C_0805_2012Metric,,,C,,JLCPCB,
"C17,C29",2,DNP 22p,C_0402_1005Metric,,,C,,DNP,optional feed-forward (datasheet 9.2.2.8)
C26,1,22n 16V,C_0402_1005Metric,,,C,,JLCPCB,soft start ~3.2 ms
C31,1,10u 10V X5R,C_0603_1608Metric,,,C,,JLCPCB,pi-filter input cap
"C60,C61",2,47u 6.3V X5R,C_1206_3216Metric,,,C,,JLCPCB,
C62,1,220u 6.3V polymer,CP_EIA-7343-20_Kemet-V,T520V227M006ATE015,KEMET,C,,JLCPCB,7343-20: <=1.9 mm tall; absorbs HaLow TX bursts
C76,1,CPH3225A 11mF,Seiko_CPH3225A,CPH3225A,Seiko Instruments,C,,JLCPCB,RTC backup
C80,1,10u 10V,C_0603_1608Metric,,,C,,JLCPCB,
C82,1,10n 16V,C_0402_1005Metric,,,C,,JLCPCB,
C83,1,47p C0G,C_0402_1005Metric,,,C,,JLCPCB,DC block in front of RF_IN
D1,1,SMBJ20CA,D_SMB,SMBJ20CA,Littelfuse,C,,JLCPCB,bidirectional: survives reversed battery
D2,1,RED,LED_0603_1608Metric,,,C,,JLCPCB,eFuse fault LED (on = fault)
D3,1,GREEN,LED_0603_1608Metric,,,C,,JLCPCB,HAT 5 V buck running
D4,1,TPD1E10B06,D_0402_1005Metric,TPD1E10B06DPYR,TI,C,,JLCPCB,ESD for the panel button wire
FB1,1,600R@100MHz >=4A,L_1206_3216Metric,BLM31KN601SN1L,Murata,C,,JLCPCB,"verify rating at BOM step: >=4 A, <=30 mOhm"
"H5,H6",2,M2 SMT standoff ~3.1mm,SMT_Standoff_M2_TBD,,,C,,JLCPCB,card hold-down; height TBD after measuring (spec V14)
J1,1,BATT pads,BattPads_2x_3x5mm_StrainRelief,,,C,,JLCPCB,"battery / 12 V adapter wires soldered directly, zip-tie holes; 6-17 V"
J2,1,"Pi 40-pin (female, 11 mm stack)",PinSocket_2x20_P2.54mm_Vertical,,,C,,JLCPCB,through-hole on the bottom side; 8.5 mm socket for 11 mm standoffs
J3,1,mPCIe 5.2H,MiniPCIe_Lianxin_XDMP-052-A01_H5.2,XDMP-052-A01,Lianxin (China),C,C7498130,JLCPCB,pin 8 UIM_PWR not connected on the card -> GPIO18 freed for the TPM
J4,1,U.FL,U.FL_Hirose_U.FL-R-SMT-1_Vertical,U.FL-R-SMT-1(10),Hirose,C,,JLCPCB,active patch antenna with SAW pre-filter; 50 ohm CPWG trace
J5,1,Tag-Connect TC2050,Tag-Connect_TC2050-IDC-NL_2x05_P1.27mm_Vertical,,Tag-Connect,C,,JLCPCB,UART0 = passwordless root console until #137 ships: release gate
J6,1,PANEL BTN,JST_SH_SM02B-SRSS-TB_1x02-1MP_P1.00mm_Horizontal,SM02B-SRSS-TB,JST,C,,JLCPCB,to the IP67 panel push-button
JP1,1,MPCIE (closed),SolderJumper-2_P1.3mm_Bridged_RoundedPad1.0x1.5mm,,,C,,JLCPCB,cut to isolate the HaLow card rail
JP2,1,BENCH (open),SolderJumper-2_P1.3mm_Open_RoundedPad1.0x1.5mm,,,C,,JLCPCB,close: HaLow 3.3 V forced on while the Pi 3.3 V is present
JP3,1,AUTO-ON (open),SolderJumper-2_P1.3mm_Open_RoundedPad1.0x1.5mm,,,C,,JLCPCB,close: power-on automatically when input appears (mast relay / C0 / T0)
JP4,1,EEP-WRITE (open),SolderJumper-2_P1.3mm_Open_RoundedPad1.0x1.5mm,,,C,,JLCPCB,close only while programming the EEPROM
JP5,1,SEC (closed),SolderJumper-2_P1.3mm_Bridged_RoundedPad1.0x1.5mm,,,C,,JLCPCB,cut to isolate TPM / ATECC / RTC supply
JP6,1,GNSS (closed),SolderJumper-2_P1.3mm_Bridged_RoundedPad1.0x1.5mm,,,C,,JLCPCB,cut to isolate the GNSS supply
L1,1,3.3uH Isat>=5.5A,L_Coilcraft_XGL4030,XGL4030-332MEC,Coilcraft,C,,JLCPCB,height <=3.1 mm; alternative: Wurth WE-XHMI 4030
L2,1,2.2uH Isat>=5.8A,L_Coilcraft_XGL4030,XGL4030-222MEC,Coilcraft,C,,JLCPCB,
L80,1,27nH,L_0402_1005Metric,LQG15HS27NJ02D,Murata,C,,JLCPCB,RF choke for antenna DC bias
Q1,1,CSD19537Q3,TI_VSON-CLIP-8_3.3x3.3mm,CSD19537Q3,TI,C,,JLCPCB,reverse-polarity blocking FET (TPS2663 datasheet Fig 9-2)
"Q2,Q6,Q7,Q8,Q9,Q10",6,BSS138,SOT-23,BSS138,onsemi (not Nexperia),C,,JLCPCB,"B_GATE fast pull-down: Vds>=15V, Vgs max 20V, Ciss<=50pF, Vth(min)<=3V"
"Q3,Q4,Q5",3,CSD17578Q3A,TI_VSON-CLIP-8_3.3x3.3mm,CSD17578Q3A,TI,C,,JLCPCB,"30 V, low Rds(on); ideal-diode FET"
"R1,R6",2,383k 1%,R_0402_1005Metric,,,C,,JLCPCB,
"R2,R4,R7,R13,R32",5,100k 1%,R_0402_1005Metric,,,C,,JLCPCB,
R3,1,1.43M 1%,R_0402_1005Metric,,,C,,JLCPCB,
R5,1,3.57k 1%,R_0402_1005Metric,,,C,,JLCPCB,I_OL = 18k/R = 5.0 A
R8,1,4.7k,R_0603_1608Metric,,,C,,JLCPCB,LED fed from EF_IN: protected from reverse battery
R9,1,10m 1% 0.5W,R_1206_3216Metric,,,C,,JLCPCB,INA226 #1 shunt; route IN+/IN- as Kelvin traces from the pads
"R10,R11,R17,R23,R24,R34,R64",7,100k,R_0402_1005Metric,,,C,,JLCPCB,
"R12,R33,R35,R50,R53,R60,R61,R62,R63",9,10k,R_0402_1005Metric,,,C,,JLCPCB,
R14,1,24.0k 1%,R_0402_1005Metric,,,C,,JLCPCB,Vout = 1.0 V x (1 + 100/24) = 5.17 V
R15,1,102k 1%,R_0402_1005Metric,,,C,,JLCPCB,
R16,1,24.3k 1%,R_0402_1005Metric,,,C,,JLCPCB,EN UVLO: 6.40 V on / 5.88 V off
R18,1,2.2k,R_0402_1005Metric,,,C,,JLCPCB,
R20,1,31.6k 1%,R_0402_1005Metric,,,C,,JLCPCB,
R21,1,10.0k 1%,R_0402_1005Metric,,,C,,JLCPCB,Vout = 0.8 V x (1 + 31.6/10) = 3.33 V
R22,1,20m 1% 0.5W,R_1206_3216Metric,,,C,,JLCPCB,"INA226 #2 shunt, upstream of every socket bulk cap"
R30,1,1M,R_0402_1005Metric,,,C,,JLCPCB,gate = 0.53 x VSYS when off (<=9.7 V)
R31,1,681k 1%,R_0402_1005Metric,,,C,,JLCPCB,
"R51,R52",2,3.9k,R_0402_1005Metric,,,C,,JLCPCB,
R80,1,DNP 0R,R_0402_1005Metric,,,C,,DNP,VIO_SEL option; open = default I/O level (verify)
R81,1,10R,R_0402_1005Metric,,,C,,JLCPCB,active antenna bias (integration manual)
SW1,1,on-board PWR,SW_SPST_EVQP7A,EVQ-P7A01P,Panasonic,C,,JLCPCB,low-profile side button for the bench
TP1,1,VBAT 6-17V,TestPoint_Keystone_5015_Micro-Minature,,,C,,JLCPCB,
TP2,1,VSYS 6-17V,TestPoint_Keystone_5015_Micro-Minature,,,C,,JLCPCB,
TP3,1,5V 5.10-5.25,TestPoint_Keystone_5015_Micro-Minature,,,C,,JLCPCB,
TP4,1,5V_PI 5.0-5.2,TestPoint_Keystone_5015_Micro-Minature,,,C,,JLCPCB,
TP5,1,OR 5-17V,TestPoint_Keystone_5015_Micro-Minature,,,C,,JLCPCB,
TP6,1,3V3 3.25-3.40,TestPoint_Keystone_5015_Micro-Minature,,,C,,JLCPCB,
TP7,1,3V3_MPCIE 3.2-3.4,TestPoint_Keystone_5015_Micro-Minature,,,C,,JLCPCB,
TP8,1,3V3_PI 3.2-3.4,TestPoint_Keystone_5015_Micro-Minature,,,C,,JLCPCB,
TP9,1,3V3_SEC 3.2-3.4,TestPoint_Keystone_5015_Micro-Minature,,,C,,JLCPCB,
TP10,1,3V3_GNSS 3.2-3.4,TestPoint_Keystone_5015_Micro-Minature,,,C,,JLCPCB,
TP11,1,VRTC 0-3.3,TestPoint_Keystone_5015_Micro-Minature,,,C,,JLCPCB,
"TP12,TP13,TP14,TP15",4,GND,TestPoint_Keystone_5015_Micro-Minature,,,C,,JLCPCB,
U1,1,TPS26631RGER,Texas_RGE0024H_VQFN-24-1EP_4x4mm_P0.5mm_EP2.7x2.7mm_ThermalVias,TPS26631RGER,TI,B,,JLCPCB,MODE=GND auto-retry; SHDN floats (2.7 V open-circuit) = enabled; IMON unused
"U2,U8",2,INA226AIDGSR,VSSOP-10_3x3mm_P0.5mm,INA226AIDGSR,TI,B,,JLCPCB,I2C 0x40 (A0=A1=GND): whole-node current + battery voltage
U3,1,LMR33640DDDAR,Texas_HSOP-8-1EP_3.9x4.9mm_P1.27mm_ThermalVias,LMR33640DDDAR,TI,B,,JLCPCB,"1 MHz, 4 A"
"U4,U5,U6",3,LM74700QDBVRQ1,SOT-23-6,LM74700QDBVRQ1,TI,B,,JLCPCB,HAT back-power rule: Pi USB-C cannot feed into the HAT 5 V buck
U7,1,TPS62933FDRLR,SOT-583-8,TPS62933FDRLR,TI,B,,JLCPCB,FCCM fixed 1.2 MHz (RT=GND); EN abs max 6 V -> open-drain pull-down only
U9,1,LTC2955ITS8-2#TRPBF,TSOT-23-8,LTC2955ITS8-2#TRPBF,Analog Devices,B,,JLCPCB,-2 = active-low EN-bar (900k to VIN when off); KILL blanking 304-720 ms
U10,1,CAT24C32WI-GT3,SOIC-8_3.9x4.9mm_P1.27mm,CAT24C32WI-GT3,onsemi,A,,fit in Taiwan (Tier A),HAT ID EEPROM 0x50 on I2C0; device-tree injection point -> write protected
U11,1,SLB9672XU20FW1541XTMA1,Infineon_PG-UQFN-32-1_5x5mm,SLB9672XU2.0 (-40..85C),Infineon,A,,fit in Taiwan (Tier A),NC 6/29/30 must float; GPIO 3/4/7 have internal pull-ups; NO test points on TPM nets
U12,1,ATECC608C-TFLXTLS,SOIC-8_3.9x4.9mm_P1.27mm,ATECC608C-TFLXTLS-S,Microchip,A,,fit in Taiwan (Tier A),I2C 0x36 (TrustFLEX)
U13,1,RV-3028-C7,MicroCrystal_RV-3028-C7,RV-3028-C7 32.768kHz 1ppm TA QC,Micro Crystal,A,,fit in Taiwan (Tier A),I2C 0x52; trickle charge enabled by the overlay (trickle-resistor-ohms)
U14,1,MAX-M10S-00B,ublox_MAX,MAX-M10S-00B,u-blox,A,,fit in Taiwan (Tier A),pinout cross-checked with KiCad RF_GPS lib; VIO_SEL/V_BCKP to verify vs datasheet UBX-20035208
