ts,cpu_busy_pct,user_pct,sys_pct,softirq_pct,irq_pct,iowait_pct,cpu0_busy_pct,cpu1_busy_pct,cpu2_busy_pct,cpu3_busy_pct,mem_used_mb,mem_avail_mb,cached_mb,slab_mb
2026-09-09 17:44:23,15.78,5.98,8.24,1.55,0.00,0.00,19.75,16.58,10.96,16.09,2302.0,5756.4,3243.7,217.0
2026-09-09 17:44:33,17.43,5.54,10.67,1.21,0.00,0.00,24.04,15.96,12.90,17.26,2300.4,5758.0,3244.0,217.0
2026-09-09 17:44:43,11.86,5.98,5.16,0.72,0.00,0.00,13.87,10.65,11.78,11.52,2312.2,5746.2,3244.1,216.9
2026-09-09 17:44:53,10.25,4.85,4.90,0.49,0.00,0.00,11.45,11.09,8.60,9.95,2303.5,5754.9,3244.0,216.9
2026-09-09 17:45:03,11.05,5.42,5.01,0.62,0.00,0.00,11.89,12.22,9.03,11.17,2325.6,5732.8,3243.7,216.9
2026-09-09 17:45:13,10.65,5.47,4.56,0.62,0.00,0.00,12.47,10.12,9.47,10.72,2309.2,5749.2,3244.0,216.9
2026-09-09 17:45:23,16.84,12.00,4.22,0.59,0.00,0.03,17.92,18.27,15.24,16.04,2308.2,5750.2,3243.5,216.9
2026-09-09 17:45:33,18.46,13.41,4.59,0.46,0.00,0.00,20.80,16.04,18.48,18.71,2309.8,5748.5,3243.7,216.9
2026-09-09 17:45:43,18.71,12.91,5.17,0.62,0.00,0.00,19.86,18.91,17.47,18.71,2318.4,5740.0,3244.2,216.9
2026-09-09 17:45:53,17.20,11.11,5.28,0.80,0.00,0.00,18.52,15.56,13.60,21.25,2353.5,5704.9,3243.8,216.9
2026-09-09 17:46:03,13.25,7.33,5.40,0.52,0.00,0.00,14.99,13.61,11.26,13.38,2355.4,5703.0,3244.6,216.9
2026-09-09 17:46:13,16.79,11.33,4.76,0.67,0.00,0.03,19.58,16.93,15.36,15.49,2348.9,5709.5,3244.2,216.9
2026-09-09 17:46:23,17.07,10.69,5.58,0.80,0.00,0.00,22.58,15.68,13.87,16.58,2353.2,5705.2,3243.6,216.9
2026-09-09 17:46:33,16.28,3.26,11.89,1.13,0.00,0.00,15.43,13.76,15.12,20.69,2300.6,5757.8,3235.1,217.0
2026-09-09 17:46:43,11.08,0.70,8.50,1.87,0.00,0.00,10.01,14.82,5.41,14.11,2293.1,5765.3,3235.1,217.0
2026-09-09 17:46:53,9.90,0.65,7.77,1.48,0.00,0.00,13.04,10.28,4.18,12.37,2290.4,5768.0,3235.1,217.0
2026-09-09 17:47:03,10.94,1.09,7.93,1.92,0.00,0.00,14.06,12.40,6.38,11.28,2315.1,5743.3,3235.1,217.0
2026-09-09 17:47:13,10.92,0.62,8.41,1.89,0.00,0.00,9.95,13.57,5.79,14.13,2295.7,5762.7,3235.1,217.0
2026-09-09 17:47:23,10.65,0.47,8.41,1.77,0.00,0.00,9.73,12.73,4.38,15.71,2294.8,5763.6,3235.1,217.0
2026-09-09 17:47:33,9.28,0.81,6.87,1.59,0.00,0.03,11.60,10.36,4.77,10.45,2290.2,5768.2,3235.1,217.0
2026-09-09 17:47:43,9.38,0.78,7.04,1.56,0.00,0.00,13.37,10.74,3.85,10.16,2293.7,5764.7,3235.1,217.0
2026-09-09 17:47:53,9.60,0.65,7.26,1.69,0.00,0.00,14.11,12.31,5.18,7.26,2291.9,5766.5,3235.1,217.0
2026-09-09 17:48:03,10.62,0.96,8.00,1.66,0.00,0.00,17.55,9.20,3.98,12.44,2313.8,5744.6,3235.1,217.0
2026-09-09 17:48:13,10.30,0.68,7.62,2.00,0.00,0.00,14.11,12.90,5.19,9.39,2296.6,5761.8,3235.1,217.0
2026-09-09 17:48:23,12.76,1.53,9.48,1.74,0.00,0.00,17.50,14.29,5.39,14.13,2288.4,5769.9,3235.1,217.0
2026-09-09 17:48:33,14.48,0.59,12.81,1.08,0.00,0.00,16.87,15.82,9.28,16.21,2285.7,5772.7,3235.1,217.1
2026-09-09 17:48:43,7.19,0.84,4.71,1.63,0.00,0.00,10.79,5.85,4.03,8.32,2275.2,5783.2,3235.1,216.9
2026-09-09 17:48:53,6.83,0.74,4.92,1.17,0.00,0.00,7.70,7.59,3.61,8.45,2276.8,5781.6,3235.1,216.9
2026-09-09 17:49:03,8.34,0.69,5.94,1.71,0.00,0.00,10.10,8.85,4.83,9.56,2311.4,5747.0,3235.1,216.9
2026-09-09 17:49:13,7.26,0.61,5.32,1.30,0.00,0.03,6.34,8.92,3.92,9.60,2286.9,5771.5,3235.1,216.9
2026-09-09 17:49:23,7.93,0.61,5.71,1.61,0.00,0.00,10.04,8.25,5.12,8.53,2278.4,5780.0,3235.1,216.9
2026-09-09 17:49:33,8.14,0.74,5.57,1.83,0.00,0.00,10.26,8.61,5.13,8.86,2277.7,5780.7,3235.1,216.9
2026-09-09 17:49:43,8.33,0.61,6.14,1.58,0.00,0.00,10.19,9.28,4.04,9.61,2274.0,5784.4,3235.1,216.9
2026-09-09 17:49:53,9.10,4.47,3.81,0.79,0.00,0.03,10.81,9.53,8.49,7.86,2306.9,5751.4,3243.3,216.9
2026-09-09 17:50:03,12.62,5.86,5.56,1.20,0.00,0.00,14.30,11.90,10.25,14.20,2319.8,5738.6,3243.9,216.9
2026-09-09 17:50:13,10.63,6.61,3.31,0.72,0.00,0.00,12.22,10.84,7.67,11.83,2311.1,5747.3,3243.5,216.9
2026-09-09 17:50:23,10.71,6.03,3.91,0.74,0.00,0.03,11.25,10.39,9.10,12.17,2297.4,5761.0,3243.8,216.9
2026-09-09 17:50:33,16.10,4.38,9.19,2.53,0.00,0.00,15.84,15.69,13.24,19.40,2293.6,5764.8,3243.3,217.0
2026-09-09 17:50:43,13.23,5.54,6.26,1.43,0.00,0.00,12.23,14.02,12.55,14.14,2294.8,5763.5,3243.9,216.9
2026-09-09 17:50:53,16.53,10.24,5.08,1.21,0.00,0.00,20.47,15.31,12.59,17.90,2290.9,5767.5,3243.4,216.9
2026-09-09 17:51:03,18.94,10.35,6.88,1.71,0.00,0.00,20.30,20.62,15.71,19.19,2308.3,5750.1,3243.4,217.0
2026-09-09 17:51:13,16.93,11.82,4.28,0.84,0.00,0.00,18.62,17.35,13.87,17.93,2309.7,5748.7,3244.5,216.9
2026-09-09 17:51:23,5.04,1.60,2.83,0.61,0.00,0.00,6.38,6.69,2.01,5.24,2288.8,5769.5,3235.4,216.9
2026-09-09 17:51:33,3.95,0.94,2.52,0.48,0.00,0.00,5.58,4.60,2.70,3.12,2282.6,5775.8,3235.4,216.9
2026-09-09 17:51:43,4.66,0.69,3.23,0.74,0.00,0.00,4.58,5.03,2.61,6.40,2282.6,5775.8,3235.4,216.9
2026-09-09 17:51:53,5.95,0.69,4.16,1.07,0.00,0.03,7.16,6.53,3.74,6.44,2277.1,5781.2,3235.4,216.9
2026-09-09 17:52:03,7.61,0.77,5.51,1.33,0.00,0.00,11.13,8.93,3.53,6.85,2311.0,5747.4,3235.4,217.0
2026-09-09 17:52:13,5.95,0.64,4.24,1.07,0.00,0.00,4.82,6.25,4.72,7.93,2287.0,5771.4,3235.4,217.0
2026-09-09 17:52:23,6.36,0.71,4.45,1.20,0.00,0.00,6.91,6.01,4.03,8.58,2281.0,5777.3,3235.4,217.0
2026-09-09 17:52:33,10.43,0.71,7.36,2.36,0.00,0.00,7.29,11.53,8.51,14.23,2284.8,5773.6,3235.4,217.0
2026-09-09 17:52:43,2.37,0.51,1.76,0.10,0.00,0.00,2.26,2.12,1.41,3.49,2281.5,5776.9,3235.4,217.0
2026-09-09 17:52:53,8.91,6.54,2.12,0.23,0.00,0.03,8.76,8.97,7.53,10.38,2320.2,5738.2,3244.2,217.1
2026-09-09 17:53:03,9.67,6.96,2.40,0.31,0.00,0.00,10.13,8.86,9.06,10.81,2317.4,5741.0,3244.2,217.1
2026-09-09 17:53:13,6.24,4.22,1.89,0.13,0.00,0.00,6.32,6.76,6.24,5.66,2302.9,5755.4,3244.2,217.1
2026-09-09 17:53:23,9.13,6.93,2.02,0.15,0.00,0.03,10.05,8.99,8.48,8.95,2304.1,5754.3,3243.9,217.2
2026-09-09 17:53:33,9.16,7.06,1.89,0.20,0.00,0.00,11.96,10.10,6.79,8.17,2319.6,5738.8,3244.3,217.1
2026-09-09 17:53:43,11.75,9.05,2.46,0.21,0.00,0.03,12.78,12.51,10.52,10.89,2318.2,5740.2,3244.9,217.2
2026-09-09 17:53:53,11.16,8.28,2.69,0.18,0.00,0.00,14.11,10.81,9.09,11.10,2323.2,5735.2,3244.2,217.1
2026-09-09 17:54:03,8.44,5.68,2.52,0.23,0.00,0.00,10.26,8.16,7.38,8.08,2316.2,5742.1,3243.5,217.1
2026-09-09 17:54:13,6.22,3.68,2.37,0.18,0.00,0.00,8.21,5.84,5.24,5.85,2299.1,5759.2,3243.1,217.1
2026-09-09 17:54:23,6.15,3.58,2.42,0.15,0.00,0.00,5.56,7.61,4.66,6.53,2298.5,5759.9,3243.4,217.1
2026-09-09 17:54:33,12.46,4.34,6.43,1.66,0.00,0.03,12.47,12.86,10.15,14.33,2299.7,5758.6,3242.1,217.1
2026-09-09 17:54:43,6.00,0.75,4.40,0.85,0.00,0.00,8.22,5.60,3.24,7.14,2282.4,5776.0,3235.8,217.1
2026-09-09 17:54:53,5.50,0.80,3.98,0.72,0.00,0.00,6.92,6.55,2.72,5.91,2273.6,5784.7,3235.8,217.1
2026-09-09 17:55:03,5.14,1.08,3.54,0.51,0.00,0.00,7.65,5.22,2.53,5.43,2300.7,5757.7,3235.5,217.1
2026-09-09 17:55:13,4.69,0.62,3.48,0.59,0.00,0.00,5.30,4.05,3.32,6.15,2280.5,5777.8,3235.5,217.1
2026-09-09 17:55:23,5.83,0.62,4.37,0.85,0.00,0.00,7.74,6.83,2.93,5.85,2276.4,5782.0,3235.5,217.1
2026-09-09 17:55:33,4.77,0.67,3.50,0.59,0.00,0.00,4.71,5.15,3.73,5.66,2273.9,5784.5,3235.5,217.1
2026-09-09 17:55:43,7.47,0.74,5.57,1.16,0.00,0.00,11.53,6.09,4.05,8.26,2276.8,5781.5,3235.5,217.1
2026-09-09 17:55:53,7.69,0.64,5.82,1.21,0.00,0.03,10.61,9.23,3.74,7.50,2274.4,5784.0,3235.5,217.1
2026-09-09 17:56:03,7.80,0.85,5.75,1.21,0.00,0.00,10.96,8.30,3.52,8.64,2300.1,5758.2,3235.5,217.1
2026-09-09 17:56:13,5.34,0.77,4.00,0.56,0.00,0.00,7.83,5.02,3.02,5.81,2279.7,5778.6,3235.5,217.1
2026-09-09 17:56:23,5.23,0.56,3.95,0.72,0.00,0.00,7.86,4.82,2.42,5.84,2277.3,5781.1,3235.5,217.1
2026-09-09 17:56:33,9.54,0.59,6.80,2.15,0.00,0.00,9.17,9.05,8.46,11.45,2280.3,5778.1,3235.5,217.1
2026-09-09 17:56:43,4.77,0.64,3.64,0.49,0.00,0.00,4.20,6.77,2.71,5.43,2274.8,5783.5,3235.5,217.1
2026-09-09 17:56:53,4.68,0.54,3.50,0.64,0.00,0.00,6.08,5.16,2.62,5.08,2275.4,5783.0,3235.5,217.1
2026-09-09 17:57:03,5.92,0.62,4.55,0.75,0.00,0.00,9.24,6.29,2.53,5.77,2299.1,5759.2,3235.5,217.1
2026-09-09 17:57:13,6.31,0.59,4.79,0.92,0.00,0.00,9.07,6.82,3.51,6.24,2279.2,5779.2,3235.5,217.2
2026-09-09 17:57:23,6.22,0.62,4.48,1.13,0.00,0.00,5.83,6.75,2.92,9.08,2276.7,5781.7,3235.5,217.1
2026-09-09 17:57:33,8.19,2.00,5.04,1.13,0.00,0.03,9.99,8.91,5.03,9.26,2312.8,5745.6,3243.7,217.1
2026-09-09 17:57:43,8.90,3.65,4.37,0.87,0.00,0.00,11.35,8.59,6.17,9.58,2303.5,5754.9,3244.2,217.1
2026-09-09 17:57:53,16.33,8.36,7.08,0.89,0.00,0.00,20.41,15.44,14.27,15.53,2327.7,5730.7,3243.6,217.7
2026-09-09 17:58:03,10.37,5.30,4.35,0.69,0.00,0.03,11.53,11.91,6.90,11.02,2311.2,5747.2,3243.9,217.6
2026-09-09 17:58:13,14.57,8.95,4.68,0.95,0.00,0.00,18.08,14.20,11.88,14.41,2299.1,5759.2,3243.9,217.6
2026-09-09 17:58:23,15.76,9.59,5.30,0.87,0.00,0.00,17.83,15.10,13.39,17.05,2306.1,5752.2,3244.6,217.7
2026-09-09 17:58:33,10.59,1.00,7.37,2.23,0.00,0.00,11.31,12.47,7.26,11.17,2286.9,5771.5,3235.7,217.7
2026-09-09 17:58:43,7.36,0.80,5.31,1.24,0.00,0.00,8.66,8.89,3.55,8.16,2283.1,5775.2,3235.7,217.6
2026-09-09 17:58:53,8.70,1.99,5.62,1.09,0.00,0.00,10.44,7.77,4.82,12.05,2277.7,5780.7,3235.7,217.6
2026-09-09 17:59:03,7.71,0.91,5.80,0.98,0.00,0.03,10.13,8.32,4.14,8.66,2291.9,5766.5,3235.7,217.6
2026-09-09 17:59:13,7.68,0.62,5.89,1.16,0.00,0.00,10.10,8.75,3.94,8.08,2273.0,5785.4,3235.7,217.6
2026-09-09 17:59:23,8.17,0.60,6.28,1.30,0.00,0.00,9.38,9.42,3.83,10.48,2266.2,5792.1,3235.7,217.6
2026-09-09 17:59:33,8.03,0.52,6.26,1.25,0.00,0.00,12.34,7.23,3.73,9.16,2264.0,5794.4,3235.7,217.6
2026-09-09 17:59:43,8.96,0.90,6.74,1.32,0.00,0.00,13.22,10.72,4.81,7.73,2263.8,5794.6,3235.5,217.6
2026-09-09 17:59:53,7.86,0.80,5.99,1.06,0.00,0.00,13.04,7.72,3.83,7.33,2269.7,5788.7,3235.5,217.6
2026-09-09 18:00:03,5.89,0.73,4.33,0.80,0.00,0.03,8.88,6.54,3.31,5.02,2293.8,5764.5,3235.5,217.6
2026-09-09 18:00:13,8.51,2.92,4.89,0.70,0.00,0.00,10.02,9.85,7.25,7.25,2294.3,5764.1,3244.8,217.6
2026-09-09 18:00:23,10.01,4.02,5.16,0.83,0.00,0.00,13.22,9.63,7.14,10.20,2288.1,5770.3,3244.4,217.6
2026-09-09 18:00:33,16.52,6.40,7.92,2.19,0.00,0.00,19.49,15.24,14.43,17.22,2298.9,5759.5,3244.5,217.6
2026-09-09 18:00:43,12.56,5.43,5.92,1.19,0.00,0.03,14.86,13.07,9.51,13.19,2297.3,5761.1,3244.2,217.6
2026-09-09 18:00:53,10.70,4.22,5.62,0.86,0.00,0.00,12.13,11.81,8.17,10.79,2293.9,5764.5,3244.5,217.6
2026-09-09 18:01:03,10.79,4.55,5.49,0.75,0.00,0.00,12.53,10.90,7.09,12.83,2313.0,5745.4,3244.1,217.6
2026-09-09 18:01:13,11.45,5.41,5.23,0.80,0.00,0.00,13.17,11.63,9.38,11.72,2303.5,5754.9,3244.2,217.6
2026-09-09 18:01:23,11.90,5.26,5.60,1.04,0.00,0.00,14.76,12.74,9.15,11.17,2302.6,5755.7,3245.2,217.6
2026-09-09 18:01:33,10.31,3.59,5.61,1.11,0.00,0.00,14.13,10.75,7.15,9.98,2296.8,5761.5,3244.3,217.6
2026-09-09 18:01:43,10.89,4.20,5.63,1.04,0.00,0.03,12.32,11.86,8.99,10.26,2307.9,5750.4,3245.1,217.6
2026-09-09 18:01:53,7.94,1.32,5.56,1.06,0.00,0.00,10.37,8.65,4.45,8.59,2290.0,5768.3,3235.8,217.6
2026-09-09 18:02:03,7.20,0.96,5.31,0.93,0.00,0.00,11.94,7.16,3.44,6.85,2307.9,5750.5,3235.8,217.6
2026-09-09 18:02:13,6.34,0.86,4.62,0.86,0.00,0.00,8.61,7.66,3.92,5.35,2290.3,5768.0,3235.8,217.6
2026-09-09 18:02:23,6.36,0.78,4.80,0.78,0.00,0.00,6.54,8.48,3.52,7.03,2282.7,5775.7,3235.8,217.6
2026-09-09 18:02:33,8.74,0.67,6.77,1.29,0.00,0.00,10.01,8.84,6.06,10.15,2282.4,5776.0,3235.8,217.6
2026-09-09 18:02:43,9.38,0.62,7.03,1.73,0.00,0.00,13.01,9.85,5.15,9.75,2280.1,5778.3,3235.8,217.6
2026-09-09 18:02:53,8.29,0.62,6.44,1.20,0.00,0.03,13.91,6.75,3.83,9.23,2282.4,5776.0,3235.8,217.6
2026-09-09 18:03:03,8.89,0.98,6.72,1.19,0.00,0.00,11.99,10.73,4.24,9.05,2304.3,5754.1,3235.8,217.6
2026-09-09 18:03:13,8.71,0.67,6.89,1.14,0.00,0.00,10.99,9.26,5.05,9.79,2288.2,5770.2,3235.8,217.6
2026-09-09 18:03:23,7.69,0.60,5.90,1.19,0.00,0.00,13.18,6.96,4.31,7.03,2282.8,5775.6,3235.8,217.6
2026-09-09 18:03:33,5.08,0.78,3.73,0.57,0.00,0.00,8.11,6.24,2.72,3.61,2283.0,5775.4,3235.8,217.6
2026-09-09 18:03:43,9.17,2.25,5.89,1.03,0.00,0.00,11.69,10.55,4.74,9.68,2311.7,5746.6,3244.1,217.6
2026-09-09 18:03:53,12.50,5.18,6.34,0.96,0.00,0.03,15.53,13.45,9.08,12.36,2313.6,5744.8,3244.5,217.6
2026-09-09 18:04:03,11.53,4.24,6.40,0.88,0.00,0.00,14.01,11.88,8.42,11.99,2330.0,5728.4,3244.5,217.6
2026-09-09 18:04:13,12.98,4.11,7.40,1.47,0.00,0.00,16.80,12.91,9.71,13.25,2313.3,5745.1,3244.5,217.6
2026-09-09 18:04:23,13.15,3.55,8.13,1.45,0.00,0.03,16.52,14.24,8.20,13.90,2307.2,5751.2,3244.6,217.6
2026-09-09 18:04:33,13.90,3.84,8.43,1.62,0.00,0.00,17.79,13.97,8.89,15.26,2309.5,5748.9,3244.1,217.5
2026-09-09 18:04:43,14.12,3.03,8.97,2.12,0.00,0.00,17.18,12.72,12.15,14.89,2311.6,5746.8,3244.1,217.5
2026-09-09 18:04:53,16.01,8.99,5.99,1.03,0.00,0.00,18.76,16.60,13.13,15.58,2314.6,5743.8,3244.6,217.5
2026-09-09 18:05:03,17.95,10.98,6.04,0.93,0.00,0.00,20.16,18.25,15.24,18.37,2327.8,5730.6,3244.5,217.4
2026-09-09 18:05:13,16.54,9.99,5.75,0.78,0.00,0.03,19.46,18.18,12.07,16.87,2300.6,5757.8,3244.5,217.4
2026-09-09 18:05:23,14.00,8.59,4.74,0.68,0.00,0.00,16.31,14.24,10.46,15.34,2300.9,5757.5,3243.0,217.4
2026-09-09 18:05:33,6.26,0.75,4.70,0.81,0.00,0.00,7.31,5.97,3.53,8.17,2276.7,5781.7,3235.9,217.4
2026-09-09 18:05:43,6.58,0.83,4.86,0.88,0.00,0.00,11.80,7.15,3.14,4.87,2272.0,5786.4,3235.9,217.4
2026-09-09 18:05:53,5.55,0.86,4.14,0.55,0.00,0.00,6.21,6.08,3.42,6.67,2272.6,5785.8,3235.9,217.4
2026-09-09 18:06:03,4.40,0.78,3.38,0.23,0.00,0.00,6.67,4.54,2.73,3.84,2311.0,5747.3,3235.9,217.4
2026-09-09 18:06:13,4.58,0.57,3.64,0.36,0.00,0.00,5.29,5.96,3.23,3.74,2284.2,5774.1,3235.9,217.4
2026-09-09 18:06:23,4.74,0.78,3.67,0.29,0.00,0.00,7.09,5.08,3.12,4.25,2274.5,5783.9,3235.9,217.4
2026-09-09 18:06:33,4.37,0.62,3.33,0.42,0.00,0.00,5.03,4.32,2.84,5.27,2272.8,5785.6,3235.9,217.4
2026-09-09 18:06:43,11.48,0.69,8.65,2.13,0.00,0.00,11.00,10.73,8.63,15.57,2274.6,5783.8,3235.9,217.4
2026-09-09 18:06:53,9.15,0.85,6.91,1.37,0.00,0.03,11.50,10.49,4.50,10.19,2274.8,5783.6,3235.9,217.4
2026-09-09 18:07:03,9.79,0.86,7.43,1.51,0.00,0.00,13.29,9.92,4.66,11.80,2296.3,5762.0,3235.9,217.4
2026-09-09 18:07:13,10.05,0.67,7.83,1.55,0.00,0.00,9.72,12.61,5.34,12.23,2278.1,5780.2,3235.9,217.4
2026-09-09 18:07:23,10.29,0.67,7.91,1.71,0.00,0.00,11.50,11.41,6.86,11.69,2275.1,5783.2,3235.9,217.4
2026-09-09 18:07:33,10.52,0.67,8.14,1.71,0.00,0.00,13.71,11.66,4.81,12.27,2272.2,5786.2,3235.9,217.4
2026-09-09 18:07:43,10.65,0.54,8.46,1.65,0.00,0.00,15.39,12.06,4.63,11.17,2275.2,5783.2,3235.9,217.4
2026-09-09 18:07:53,9.81,0.60,7.60,1.61,0.00,0.00,14.01,10.38,5.45,9.64,2271.5,5786.9,3235.5,217.4
2026-09-09 18:08:03,10.50,0.90,7.86,1.73,0.00,0.00,16.00,10.18,4.65,12.05,2299.6,5758.8,3235.5,217.4
2026-09-09 18:08:13,8.26,0.67,6.45,1.14,0.00,0.00,11.57,8.16,4.74,8.73,2279.6,5778.8,3235.5,217.4
2026-09-09 18:08:23,8.29,2.19,5.17,0.90,0.00,0.03,9.67,10.64,4.83,8.22,2297.9,5760.5,3244.0,217.3
2026-09-09 18:08:33,12.12,4.60,6.17,1.34,0.00,0.00,12.98,13.40,9.37,12.99,2289.0,5769.3,3244.2,217.3
2026-09-09 18:08:43,16.97,5.12,9.21,2.64,0.00,0.00,20.27,17.27,14.27,16.30,2289.6,5768.7,3244.8,217.3
2026-09-09 18:08:53,14.80,3.72,9.41,1.68,0.00,0.00,18.94,17.17,8.31,15.20,2287.5,5770.9,3244.5,217.4
2026-09-09 18:09:03,14.46,3.44,9.20,1.79,0.00,0.03,21.29,14.86,7.61,15.01,2302.5,5755.8,3243.9,217.3
2026-09-09 18:09:13,10.50,2.26,6.91,1.34,0.00,0.00,13.66,12.78,6.55,9.81,2285.2,5773.2,3235.8,217.3
2026-09-09 18:09:23,11.34,0.95,8.85,1.55,0.00,0.00,9.94,13.66,4.94,16.37,2280.9,5777.5,3235.8,217.4
2026-09-09 18:09:33,9.65,0.76,7.44,1.45,0.00,0.00,10.65,11.30,3.95,12.88,2273.6,5784.8,3235.8,217.3
2026-09-09 18:09:43,12.89,1.87,9.12,1.90,0.00,0.00,17.08,16.06,5.89,13.27,2276.8,5781.6,3235.8,217.3
2026-09-09 18:09:53,12.73,0.63,10.09,1.99,0.00,0.03,20.36,14.11,5.16,12.35,2268.1,5790.3,3235.8,217.4
2026-09-09 18:10:03,12.52,0.73,9.63,2.15,0.00,0.00,16.99,14.10,5.27,14.47,2292.7,5765.7,3235.8,217.3
2026-09-09 18:10:13,11.76,0.55,9.28,1.92,0.00,0.00,19.39,11.47,5.18,12.21,2274.8,5783.6,3235.8,217.3
2026-09-09 18:10:23,12.78,0.87,9.89,2.02,0.00,0.00,20.78,12.49,6.16,12.84,2272.2,5786.2,3235.8,217.4
2026-09-09 18:10:33,11.99,0.76,9.35,1.87,0.00,0.00,17.05,13.01,4.47,13.98,2267.0,5791.4,3235.8,217.4
2026-09-09 18:10:43,14.35,0.60,10.98,2.76,0.00,0.00,16.88,16.41,9.55,15.01,2265.5,5792.8,3235.8,217.3
2026-09-09 18:10:53,9.38,0.63,7.49,1.26,0.00,0.00,14.61,9.39,4.62,9.63,2264.4,5794.0,3235.8,217.4
2026-09-09 18:11:03,9.80,0.84,7.60,1.36,0.00,0.00,11.07,12.02,4.84,11.55,2287.4,5771.0,3235.8,217.3
2026-09-09 18:11:13,8.26,0.58,6.41,1.27,0.00,0.00,9.08,10.22,4.15,9.84,2272.5,5785.8,3235.8,217.3
2026-09-09 18:11:23,9.06,0.79,7.00,1.26,0.00,0.00,9.72,11.48,4.04,11.09,2271.8,5786.6,3235.8,217.3
2026-09-09 18:11:33,9.49,0.60,7.44,1.45,0.00,0.00,11.33,12.10,4.76,10.04,2268.4,5790.0,3235.6,217.4
2026-09-09 18:11:43,11.20,2.44,7.33,1.39,0.00,0.03,13.86,12.55,6.56,12.26,2293.6,5764.8,3244.1,217.3
2026-09-09 18:11:53,12.55,3.45,7.55,1.55,0.00,0.00,16.55,14.55,7.22,12.47,2288.8,5769.6,3243.6,217.3
2026-09-09 18:12:03,13.51,4.19,8.11,1.21,0.00,0.00,16.67,13.85,8.83,15.08,2302.6,5755.7,3244.4,217.3
2026-09-09 18:12:13,15.07,7.19,6.98,0.89,0.00,0.00,19.12,15.14,10.47,16.23,2296.0,5762.3,3244.8,217.2
2026-09-09 18:12:23,14.26,6.71,6.50,1.03,0.00,0.03,16.73,15.29,9.93,15.29,2299.8,5758.6,3244.9,217.3
2026-09-09 18:12:33,13.74,4.85,7.42,1.47,0.00,0.00,18.22,13.28,9.79,14.31,2292.4,5766.0,3244.2,217.3
2026-09-09 18:12:43,24.32,11.32,10.61,2.39,0.00,0.00,27.25,24.32,22.05,24.22,2299.6,5758.8,3244.4,217.4
2026-09-09 18:12:53,22.57,10.44,10.04,2.09,0.00,0.00,28.85,23.99,15.60,22.56,2292.0,5766.4,3244.9,217.3
2026-09-09 18:13:03,22.43,10.29,10.11,2.03,0.00,0.00,26.65,24.60,14.39,24.57,2311.0,5747.4,3244.6,217.4
2026-09-09 18:13:13,16.43,4.21,10.10,2.12,0.00,0.00,23.03,16.08,9.82,17.58,2289.6,5768.8,3235.9,217.3
2026-09-09 18:13:23,12.26,1.83,8.92,1.49,0.00,0.03,14.42,14.29,6.57,14.06,2270.8,5787.6,3235.9,217.3
2026-09-09 18:13:33,10.05,0.66,8.05,1.35,0.00,0.00,14.84,9.51,5.56,11.03,2266.5,5791.8,3235.9,217.4
2026-09-09 18:13:43,10.21,1.04,7.66,1.51,0.00,0.00,14.12,13.77,4.95,8.77,2277.3,5781.1,3235.9,217.3
2026-09-09 18:13:53,10.26,0.70,7.67,1.87,0.00,0.03,13.67,11.71,4.76,11.06,2275.7,5782.7,3235.9,217.3
2026-09-09 18:14:03,9.08,0.70,7.08,1.30,0.00,0.00,13.09,9.09,4.17,10.44,2297.9,5760.5,3235.9,217.3
2026-09-09 18:14:13,9.16,0.60,7.11,1.45,0.00,0.00,11.59,10.13,4.88,10.16,2279.4,5778.9,3235.9,217.3
2026-09-09 18:14:23,10.92,0.86,8.42,1.64,0.00,0.00,17.55,13.27,3.77,9.95,2278.0,5780.4,3235.9,217.3
2026-09-09 18:14:33,9.44,0.47,7.55,1.43,0.00,0.00,12.83,12.05,4.06,9.26,2278.5,5779.9,3235.9,217.3
2026-09-09 18:14:43,14.61,0.69,12.55,1.36,0.00,0.00,13.84,17.85,6.28,20.24,2279.4,5779.0,3235.9,217.3
2026-09-09 18:14:53,10.23,0.73,8.05,1.45,0.00,0.00,13.33,10.74,5.16,11.94,2281.2,5777.2,3235.9,217.3
2026-09-09 18:15:03,10.68,0.75,8.29,1.64,0.00,0.00,14.99,13.06,4.75,10.54,2302.5,5755.9,3235.9,217.3
2026-09-09 18:15:13,9.57,0.70,7.23,1.64,0.00,0.00,10.45,13.35,4.26,10.19,2279.3,5779.0,3235.9,217.2
2026-09-09 18:15:23,10.44,0.44,8.18,1.79,0.00,0.03,7.36,12.36,5.48,16.10,2276.8,5781.6,3235.9,217.3
2026-09-09 18:15:33,11.42,0.88,8.67,1.87,0.00,0.00,13.86,16.97,4.26,10.88,2275.9,5782.5,3235.9,217.3
2026-09-09 18:15:43,10.65,0.49,8.44,1.71,0.00,0.00,18.46,14.16,5.09,5.78,2274.6,5783.8,3235.9,217.4
2026-09-09 18:15:53,10.67,0.73,8.20,1.74,0.00,0.00,13.25,12.82,6.69,9.98,2276.0,5782.4,3235.9,217.3
2026-09-09 18:16:03,10.33,0.73,8.05,1.56,0.00,0.00,16.10,10.85,4.90,9.81,2313.1,5745.3,3235.9,217.3
2026-09-09 18:16:13,11.27,0.62,9.16,1.48,0.00,0.00,15.88,13.41,4.97,11.44,2285.0,5773.4,3235.9,217.4
2026-09-09 18:16:23,9.71,0.57,7.29,1.84,0.00,0.00,16.59,9.60,4.87,8.38,2276.3,5782.0,3235.9,217.3
2026-09-09 18:16:33,9.15,0.65,7.06,1.43,0.00,0.00,11.48,13.19,3.55,8.90,2273.2,5785.2,3235.9,217.3
2026-09-09 18:16:44,14.41,0.59,12.74,1.08,0.00,0.00,8.46,16.94,12.51,19.06,2275.2,5783.2,3235.9,217.3
2026-09-09 18:16:54,11.03,0.57,8.84,1.61,0.00,0.00,15.23,13.16,5.07,11.08,2275.6,5782.8,3235.9,217.3
2026-09-09 18:17:04,10.93,0.73,8.23,1.97,0.00,0.00,15.81,11.44,5.68,11.16,2311.0,5747.4,3235.9,217.3
2026-09-09 18:17:14,11.67,3.54,6.70,1.40,0.00,0.03,15.66,13.14,7.44,10.82,2307.9,5750.5,3244.9,217.2
2026-09-09 18:17:24,13.94,4.97,7.44,1.53,0.00,0.00,16.05,14.36,11.68,14.14,2305.2,5753.2,3244.2,217.2
2026-09-09 18:17:34,12.53,3.40,7.60,1.53,0.00,0.00,17.62,12.44,8.26,12.27,2300.1,5758.3,3244.5,217.2
2026-09-09 18:17:44,11.25,3.77,6.23,1.23,0.00,0.03,13.52,12.84,7.95,10.74,2298.0,5760.4,3244.6,217.2
2026-09-09 18:17:54,10.52,3.72,5.64,1.17,0.00,0.00,14.09,10.38,6.10,12.01,2297.2,5761.2,3244.5,217.2
2026-09-09 18:18:04,12.08,3.57,6.98,1.54,0.00,0.00,14.79,14.95,7.66,11.09,2319.2,5739.2,3243.2,217.2
2026-09-09 18:18:14,11.08,3.22,6.58,1.25,0.00,0.03,14.27,11.12,7.08,12.09,2304.1,5754.3,3244.3,217.3
2026-09-09 18:18:24,11.78,1.89,8.23,1.66,0.00,0.00,12.36,13.88,6.83,14.03,2291.4,5767.0,3235.9,217.3
2026-09-09 18:18:34,9.69,0.83,7.24,1.62,0.00,0.00,4.93,13.65,5.26,14.44,2287.7,5770.7,3235.9,217.2
2026-09-09 18:18:44,11.64,0.67,8.61,2.36,0.00,0.00,12.08,11.63,7.61,15.25,2287.4,5771.0,3235.9,217.2
2026-09-09 18:18:54,4.13,0.94,2.60,0.59,0.00,0.00,2.79,4.92,3.51,4.83,2276.9,5781.5,3235.9,217.2
2026-09-09 18:19:04,5.51,0.59,4.01,0.89,0.00,0.03,6.16,6.21,2.83,7.13,2304.6,5753.7,3235.9,217.2
2026-09-09 18:19:14,5.23,0.51,3.93,0.79,0.00,0.00,6.56,5.10,3.31,6.21,2284.1,5774.2,3235.9,217.2
2026-09-09 18:19:24,4.33,0.64,3.13,0.56,0.00,0.00,5.24,4.90,2.82,4.11,2278.7,5779.6,3235.9,217.2
2026-09-09 18:19:34,5.30,0.87,3.67,0.76,0.00,0.00,4.91,7.71,3.32,5.24,2277.6,5780.8,3235.9,217.2
2026-09-09 18:19:44,5.47,0.71,3.72,1.02,0.00,0.03,7.75,4.81,2.71,6.72,2277.5,5780.9,3235.9,217.2
2026-09-09 18:19:54,6.17,0.64,4.59,0.94,0.00,0.00,7.45,7.75,2.52,6.93,2276.1,5782.3,3235.9,217.2
2026-09-09 18:20:04,5.85,0.89,4.07,0.89,0.00,0.00,4.90,6.43,4.12,8.07,2306.0,5752.4,3235.9,217.2
2026-09-09 18:20:14,5.96,0.46,4.41,1.10,0.00,0.00,8.64,6.00,3.32,6.02,2281.6,5776.8,3235.6,217.2
2026-09-09 18:20:24,7.61,0.69,5.57,1.35,0.00,0.00,9.03,6.34,3.44,11.71,2277.3,5781.1,3235.6,217.2
2026-09-09 18:20:34,8.03,0.48,5.92,1.63,0.00,0.00,9.69,8.17,5.57,8.77,2275.5,5782.8,3235.6,217.2
2026-09-09 18:20:44,11.20,0.76,8.16,2.28,0.00,0.00,10.47,10.82,10.26,13.04,2275.5,5782.8,3235.6,217.2
2026-09-09 18:20:54,4.82,0.28,3.80,0.74,0.00,0.00,4.17,5.32,3.12,6.79,2275.0,5783.4,3235.6,217.2
2026-09-09 18:21:04,4.26,0.71,2.93,0.61,0.00,0.00,4.82,4.32,2.72,5.39,2303.4,5755.0,3235.6,217.2
2026-09-09 18:21:14,2.49,0.71,1.65,0.13,0.00,0.00,3.94,2.71,1.51,1.71,2283.2,5775.2,3235.6,217.3
2026-09-09 18:21:24,2.30,0.56,1.56,0.15,0.00,0.03,3.42,2.21,1.41,2.11,2279.0,5779.4,3235.6,217.3
2026-09-09 18:21:34,2.71,0.38,2.07,0.26,0.00,0.00,3.74,3.03,2.31,1.91,2274.2,5784.2,3235.6,217.3
2026-09-09 18:21:44,4.46,0.66,3.21,0.59,0.00,0.00,4.28,6.73,2.62,4.10,2275.1,5783.2,3235.6,217.2
2026-09-09 18:21:54,4.75,1.61,2.60,0.54,0.00,0.00,4.51,6.23,2.72,5.41,2262.7,5795.7,3235.6,217.2
2026-09-09 18:22:04,4.20,0.82,2.78,0.61,0.00,0.00,5.53,4.82,2.62,4.02,2298.8,5759.6,3235.6,217.2
2026-09-09 18:22:14,4.45,0.51,3.23,0.71,0.00,0.00,5.20,4.02,3.11,5.61,2272.6,5785.8,3235.6,217.2
2026-09-09 18:22:24,4.86,0.61,3.51,0.74,0.00,0.00,5.63,4.59,3.32,5.74,2265.1,5793.2,3235.6,217.2
2026-09-09 18:22:34,4.41,0.56,3.13,0.71,0.00,0.00,6.38,4.11,2.41,5.03,2260.9,5797.5,3235.6,217.2
2026-09-09 18:22:44,4.66,0.74,3.18,0.74,0.00,0.00,5.30,4.33,3.12,5.81,2264.5,5793.9,3235.6,217.2
2026-09-09 18:22:54,7.93,0.46,5.84,1.63,0.00,0.00,8.43,8.04,5.94,9.35,2261.4,5797.0,3235.6,217.2
2026-09-09 18:23:04,5.96,0.69,4.25,1.02,0.00,0.00,7.01,7.03,4.30,5.54,2293.2,5765.2,3235.6,217.3
2026-09-09 18:23:14,16.12,11.64,3.67,0.76,0.00,0.05,12.92,11.45,9.38,30.61,2312.4,5745.9,3243.9,217.2
2026-09-09 18:23:24,11.12,5.22,4.86,1.04,0.00,0.00,11.85,10.63,10.32,11.80,2303.8,5754.6,3245.0,217.3
2026-09-09 18:23:34,10.30,3.11,5.79,1.40,0.00,0.00,11.35,10.59,7.17,12.06,2294.7,5763.6,3245.3,217.2
2026-09-09 18:23:44,11.47,5.74,4.67,1.02,0.00,0.05,11.54,12.88,9.85,11.71,2304.8,5753.6,3245.6,217.2
2026-09-09 18:23:54,15.31,11.50,3.50,0.31,0.00,0.00,19.46,12.39,15.94,13.81,2303.7,5754.7,3245.1,217.2
2026-09-09 18:24:04,15.94,10.69,4.57,0.66,0.00,0.03,33.48,11.54,8.96,10.52,2338.5,5719.9,3245.2,217.2
2026-09-09 18:24:14,8.38,4.14,3.70,0.51,0.00,0.03,10.12,8.37,6.73,8.54,2312.8,5745.6,3245.9,217.2
2026-09-09 18:24:24,8.09,3.35,4.12,0.61,0.00,0.00,11.50,7.33,5.32,8.45,2302.3,5756.1,3245.5,217.2
2026-09-09 18:24:34,7.94,2.05,4.77,1.10,0.00,0.03,10.63,8.30,5.75,7.18,2295.7,5762.7,3237.4,217.2
2026-09-09 18:24:44,7.91,0.77,5.86,1.28,0.00,0.00,11.92,6.92,4.76,8.32,2292.9,5765.5,3237.4,217.2
2026-09-09 18:24:54,13.27,0.48,9.80,2.98,0.00,0.00,20.32,12.15,8.27,12.98,2290.1,5768.3,3237.4,217.2
2026-09-09 18:25:04,10.42,0.95,7.91,1.57,0.00,0.00,16.10,12.42,4.25,9.38,2308.7,5749.6,3237.1,217.2
2026-09-09 18:25:14,9.92,0.62,7.51,1.79,0.00,0.00,12.73,10.36,4.25,12.32,2291.7,5766.7,3237.1,217.2
2026-09-09 18:25:24,8.20,0.67,6.17,1.36,0.00,0.00,12.50,8.54,4.02,7.96,2295.2,5763.2,3237.1,217.2
2026-09-09 18:25:34,10.63,1.67,7.27,1.70,0.00,0.00,10.82,11.72,6.27,13.98,2269.9,5788.5,3237.1,217.2
2026-09-09 18:25:44,9.66,0.74,7.20,1.71,0.00,0.00,11.89,8.00,5.13,13.58,2265.9,5792.5,3237.1,217.2
2026-09-09 18:25:54,8.36,0.56,6.59,1.21,0.00,0.00,11.01,9.45,3.54,9.54,2263.8,5794.6,3237.1,217.2
2026-09-09 18:26:04,8.99,0.95,6.40,1.62,0.00,0.03,12.88,9.61,5.02,8.94,2290.1,5768.3,3237.1,217.2
2026-09-09 18:26:14,8.32,0.62,6.34,1.36,0.00,0.00,12.14,8.72,4.44,8.12,2269.9,5788.5,3237.1,217.2
2026-09-09 18:26:24,9.97,0.59,7.73,1.66,0.00,0.00,14.99,11.23,4.52,9.72,2268.8,5789.6,3237.1,217.2
2026-09-09 18:26:34,7.94,0.51,5.86,1.57,0.00,0.00,8.77,10.14,2.74,10.05,2266.1,5792.2,3237.1,217.2
2026-09-09 18:26:44,8.93,0.64,6.68,1.61,0.00,0.00,12.42,9.70,5.23,8.63,2265.1,5793.3,3237.1,217.2
2026-09-09 18:26:54,9.31,0.59,6.81,1.91,0.00,0.00,10.31,7.73,8.26,10.92,2263.2,5795.2,3237.1,217.2
2026-09-09 18:27:04,3.31,0.77,2.28,0.26,0.00,0.00,4.83,3.61,2.41,2.42,2289.5,5768.9,3237.1,217.2
2026-09-09 18:27:14,2.88,0.62,2.16,0.10,0.00,0.00,3.09,2.83,2.31,3.41,2270.1,5788.3,3237.1,217.2
2026-09-09 18:27:24,3.01,0.54,2.34,0.13,0.00,0.00,3.10,3.63,2.02,3.30,2266.8,5791.6,3237.1,217.2
2026-09-09 18:27:34,2.73,0.59,2.01,0.13,0.00,0.00,3.76,3.42,1.82,2.02,2263.0,5795.3,3237.1,217.2
2026-09-09 18:27:44,3.11,0.64,2.26,0.18,0.00,0.03,4.31,2.81,2.61,2.72,2263.7,5794.7,3237.1,217.2
2026-09-09 18:27:54,3.06,0.57,2.37,0.13,0.00,0.00,3.08,3.43,2.62,3.20,2263.5,5794.9,3237.1,217.2
2026-09-09 18:28:04,3.57,0.85,2.57,0.15,0.00,0.00,4.52,5.01,2.21,2.41,2296.0,5762.4,3237.1,217.1
2026-09-09 18:28:14,2.78,0.41,2.24,0.13,0.00,0.00,3.31,3.72,1.52,2.82,2272.9,5785.5,3237.1,217.1
2026-09-09 18:28:24,3.19,0.77,2.23,0.18,0.00,0.00,2.63,3.31,2.52,4.23,2270.5,5787.8,3237.1,217.1
2026-09-09 18:28:34,2.96,0.62,2.21,0.13,0.00,0.00,5.71,2.41,1.71,2.33,2264.2,5794.1,3237.1,217.1
2026-09-09 18:28:44,3.03,0.69,2.21,0.13,0.00,0.00,3.96,3.33,1.81,3.11,2265.6,5792.8,3237.1,217.1
2026-09-09 18:28:54,9.09,0.64,6.70,1.75,0.00,0.00,10.07,8.27,8.44,9.68,2267.3,5791.1,3237.1,217.1
2026-09-09 18:29:04,5.01,0.78,3.71,0.52,0.00,0.00,7.54,5.22,2.54,5.14,2302.1,5756.3,3237.1,217.1
2026-09-09 18:29:14,4.32,0.49,3.23,0.57,0.00,0.03,5.99,4.85,2.63,3.83,2272.5,5785.8,3237.1,217.1
2026-09-09 18:29:24,5.04,0.81,3.66,0.57,0.00,0.00,6.26,6.76,2.53,4.65,2270.4,5787.9,3237.1,217.1
2026-09-09 18:29:34,4.62,0.57,3.61,0.44,0.00,0.00,6.40,4.03,2.53,5.74,2262.7,5795.7,3237.1,217.1
2026-09-09 18:29:44,4.34,0.52,3.49,0.34,0.00,0.00,2.41,5.76,3.02,6.06,2267.9,5790.5,3237.1,217.1
2026-09-09 18:29:54,4.62,0.75,3.54,0.34,0.00,0.00,5.52,4.54,3.01,5.52,2264.6,5793.8,3237.1,217.1
2026-09-09 18:30:04,3.90,0.94,2.76,0.21,0.00,0.00,4.25,4.34,3.12,3.95,2297.9,5760.5,3237.1,217.1
2026-09-09 18:30:14,3.63,0.60,2.80,0.23,0.00,0.00,5.25,4.53,2.32,2.62,2271.5,5786.9,3237.1,217.1
2026-09-09 18:30:24,3.44,0.62,2.59,0.23,0.00,0.00,5.82,3.21,1.82,2.91,2266.3,5792.0,3237.1,217.1
2026-09-09 18:30:34,3.76,0.67,2.85,0.23,0.00,0.00,6.28,4.61,2.31,2.52,2262.5,5795.9,3237.1,217.1
2026-09-09 18:30:44,3.93,0.62,2.97,0.31,0.00,0.03,6.34,3.74,1.52,4.40,2262.7,5795.7,3237.1,217.1
2026-09-09 18:30:54,10.34,0.49,7.65,2.19,0.00,0.00,11.67,10.45,9.14,10.12,2263.7,5794.7,3237.1,217.1
2026-09-09 18:31:04,7.49,0.70,5.57,1.22,0.00,0.00,11.29,8.17,2.63,8.17,2290.2,5768.1,3237.1,217.1
2026-09-09 18:31:14,7.05,0.62,5.39,1.04,0.00,0.00,6.92,7.68,3.22,10.61,2271.7,5786.7,3237.1,217.1
2026-09-09 18:31:24,6.87,0.54,5.50,0.83,0.00,0.00,8.47,6.36,4.23,8.30,2268.3,5790.1,3237.1,217.1
2026-09-09 18:31:34,7.38,0.62,5.61,1.14,0.00,0.00,9.30,8.63,4.17,7.62,2263.7,5794.7,3237.1,217.1
2026-09-09 18:31:44,7.10,0.57,5.42,1.11,0.00,0.00,9.13,9.13,3.24,7.04,2264.7,5793.7,3237.1,217.1
2026-09-09 18:31:54,7.49,0.54,5.88,1.06,0.00,0.00,7.74,9.50,5.88,6.84,2264.9,5793.5,3237.1,217.1
2026-09-09 18:32:04,7.90,0.81,6.00,1.09,0.00,0.00,6.01,9.26,8.77,7.60,2290.1,5768.2,3237.1,217.1
2026-09-09 18:32:14,8.09,0.62,6.22,1.24,0.00,0.00,6.43,11.53,7.17,6.86,2270.0,5788.4,3237.1,217.1
2026-09-09 18:32:24,7.63,0.72,5.82,1.09,0.00,0.00,5.45,10.32,8.55,5.92,2267.2,5791.2,3237.1,217.1
2026-09-09 18:32:34,7.84,0.54,6.21,1.09,0.00,0.00,6.12,9.49,8.00,7.52,2262.5,5795.9,3237.1,217.1
2026-09-09 18:32:44,7.29,0.60,5.63,1.06,0.00,0.00,4.00,9.89,8.22,6.83,2263.5,5794.9,3237.1,217.1
2026-09-09 18:32:54,10.71,0.46,8.07,2.16,0.00,0.03,8.12,11.62,9.65,13.20,2263.9,5794.5,3237.1,217.1
2026-09-09 18:33:04,5.70,0.80,4.25,0.65,0.00,0.00,4.76,6.49,6.40,4.95,2286.7,5771.6,3237.1,217.1
2026-09-09 18:33:14,3.99,0.41,3.22,0.36,0.00,0.00,4.19,5.54,3.24,3.03,2267.2,5791.2,3237.1,217.1
2026-09-09 18:33:24,4.32,0.75,3.23,0.34,0.00,0.00,4.40,6.25,2.72,3.92,2266.6,5791.8,3237.1,217.1
2026-09-09 18:33:34,4.76,0.60,3.65,0.52,0.00,0.00,3.76,5.31,5.98,3.90,2262.9,5795.5,3237.1,217.1
2026-09-09 18:33:44,4.39,0.67,3.24,0.47,0.00,0.00,4.21,5.57,3.14,4.52,2264.4,5794.0,3237.1,217.1
2026-09-09 18:33:54,6.86,0.91,5.20,0.75,0.00,0.00,4.34,8.57,8.41,6.01,2268.8,5789.5,3237.1,217.1
2026-09-09 18:34:04,7.85,0.83,5.85,1.17,0.00,0.00,5.78,8.54,9.60,7.26,2292.0,5766.4,3237.1,217.1
2026-09-09 18:34:14,7.15,0.54,5.68,0.93,0.00,0.00,5.53,7.24,7.01,8.54,2270.4,5788.0,3237.1,217.1
2026-09-09 18:34:24,8.86,0.80,6.85,1.18,0.00,0.03,8.72,11.55,7.82,7.14,2265.3,5793.1,3237.1,217.1
2026-09-09 18:34:34,7.51,0.67,5.83,1.01,0.00,0.00,6.95,9.82,7.40,5.92,2263.0,5795.3,3237.1,217.1
2026-09-09 18:34:44,8.15,0.75,6.32,1.08,0.00,0.00,6.29,9.12,10.21,6.89,2266.9,5791.4,3237.1,217.1
2026-09-09 18:34:54,9.50,0.39,7.38,1.73,0.00,0.00,8.51,9.51,10.91,8.78,2264.8,5793.6,3237.1,217.1
2026-09-09 18:35:04,6.77,0.85,5.30,0.62,0.00,0.00,5.22,8.03,6.51,7.06,2288.4,5770.0,3237.1,217.1
2026-09-09 18:35:14,5.70,0.60,4.51,0.60,0.00,0.00,5.35,7.04,5.65,4.81,2269.2,5789.2,3237.1,217.1
2026-09-09 18:35:24,6.52,0.83,5.00,0.70,0.00,0.00,5.56,7.66,8.11,4.94,2269.3,5789.1,3237.1,217.1
2026-09-09 18:35:34,7.55,0.60,6.02,0.93,0.00,0.00,5.10,10.33,7.01,7.65,2263.1,5795.2,3237.1,217.1
2026-09-09 18:35:44,5.32,0.62,4.21,0.49,0.00,0.00,4.65,4.45,5.19,6.83,2265.2,5793.2,3237.1,217.1
2026-09-09 18:35:54,5.81,0.57,4.73,0.52,0.00,0.00,4.99,7.52,5.64,4.91,2265.9,5792.5,3237.1,217.1
2026-09-09 18:36:04,6.31,0.78,4.99,0.54,0.00,0.00,5.85,8.20,5.86,5.35,2296.4,5762.0,3237.1,217.1
2026-09-09 18:36:14,6.64,0.54,5.27,0.83,0.00,0.00,5.21,7.48,7.13,6.20,2271.2,5787.2,3237.1,217.1
2026-09-09 18:36:24,9.45,1.50,6.69,1.27,0.00,0.00,8.04,12.08,10.66,7.14,2268.9,5789.5,3237.1,217.1
2026-09-09 18:36:34,8.57,0.60,6.76,1.19,0.00,0.03,7.21,10.74,8.32,7.98,2262.7,5795.7,3237.1,217.1
2026-09-09 18:36:44,8.69,0.65,6.85,1.19,0.00,0.00,6.77,10.56,8.48,8.84,2261.3,5797.1,3237.1,217.1
2026-09-09 18:36:54,12.76,0.62,9.47,2.68,0.00,0.00,9.87,12.92,13.49,14.21,2264.4,5794.0,3237.1,217.1
2026-09-09 18:37:04,8.66,0.70,6.88,1.09,0.00,0.00,6.79,12.31,8.94,6.46,2289.0,5769.4,3237.1,217.1
2026-09-09 18:37:14,7.37,0.54,5.74,1.09,0.00,0.00,5.71,10.04,6.43,6.91,2269.3,5789.0,3237.1,217.1
2026-09-09 18:37:24,8.08,0.73,6.01,1.35,0.00,0.00,4.76,10.96,7.91,8.30,2267.8,5790.6,3237.1,217.1
2026-09-09 18:37:34,9.57,0.54,7.56,1.47,0.00,0.00,7.18,11.48,11.56,8.02,2260.9,5797.4,3237.1,217.1
2026-09-09 18:37:44,9.36,0.62,7.53,1.22,0.00,0.00,6.36,12.86,10.00,7.79,2265.5,5792.9,3237.1,217.1
2026-09-09 18:37:54,10.07,0.41,8.00,1.65,0.00,0.00,7.99,14.09,10.98,6.99,2261.8,5796.6,3237.1,217.1
2026-09-09 18:38:04,9.15,0.80,7.21,1.14,0.00,0.00,6.36,11.82,11.10,7.18,2294.0,5764.4,3237.1,217.1
2026-09-09 18:38:14,6.66,0.57,5.18,0.91,0.00,0.00,5.00,9.71,5.86,5.57,2271.9,5786.5,3237.6,217.1
2026-09-09 18:38:24,7.35,0.70,5.50,1.12,0.00,0.03,6.10,9.56,5.78,7.90,2267.4,5791.0,3237.1,217.1
2026-09-09 18:38:34,7.97,0.49,6.34,1.14,0.00,0.00,5.71,9.66,7.72,8.43,2262.7,5795.7,3237.1,217.1
2026-09-09 18:38:44,6.46,0.49,4.99,0.98,0.00,0.00,5.39,7.95,5.03,7.18,2261.5,5796.8,3237.1,217.1
2026-09-09 18:38:54,13.74,0.60,10.25,2.90,0.00,0.00,10.09,13.36,13.91,17.47,2267.5,5790.8,3237.1,217.2
2026-09-09 18:39:04,11.13,0.89,8.84,1.40,0.00,0.00,5.83,14.23,10.55,13.02,2293.5,5764.9,3237.1,217.2
2026-09-09 18:39:14,12.07,0.50,9.50,2.07,0.00,0.00,7.71,12.74,12.41,14.69,2272.6,5785.8,3237.1,217.2
2026-09-09 18:39:24,11.76,0.71,9.40,1.65,0.00,0.00,10.28,15.70,10.67,10.28,2268.9,5789.5,3237.1,217.2
2026-09-09 18:39:34,11.04,0.37,8.96,1.71,0.00,0.00,7.30,15.05,11.62,9.53,2265.0,5793.4,3237.1,217.2
2026-09-09 18:39:44,12.08,0.68,9.67,1.73,0.00,0.00,7.16,15.28,11.88,13.41,2265.0,5793.4,3237.1,217.1
2026-09-09 18:39:54,10.56,0.55,8.54,1.47,0.00,0.00,6.70,12.93,12.93,8.86,2263.0,5795.4,3237.1,217.1
2026-09-09 18:40:04,8.06,0.81,6.30,0.94,0.00,0.00,6.68,9.27,8.67,7.59,2294.9,5763.5,3237.1,217.1
2026-09-09 18:40:14,9.78,0.82,7.65,1.29,0.00,0.03,7.64,12.93,10.75,7.24,2270.3,5788.1,3237.1,217.2
2026-09-09 18:40:24,10.19,0.39,8.20,1.60,0.00,0.00,7.38,14.94,10.26,7.79,2264.2,5794.1,3237.1,217.1
2026-09-09 18:40:34,10.99,0.70,8.98,1.31,0.00,0.00,8.69,14.63,9.96,10.41,2263.5,5794.9,3237.1,217.2
2026-09-09 18:40:44,11.28,0.50,9.02,1.76,0.00,0.00,9.86,14.77,10.95,9.16,2265.5,5792.9,3237.1,217.2
2026-09-09 18:40:54,14.26,0.60,10.90,2.77,0.00,0.00,11.81,13.93,14.93,16.30,2264.0,5794.4,3237.1,217.2
2026-09-09 18:41:04,9.27,0.66,7.37,1.24,0.00,0.00,6.97,11.14,7.79,10.76,2294.8,5763.5,3237.1,217.1
2026-09-09 18:41:14,10.98,0.65,8.68,1.65,0.00,0.00,9.46,11.79,13.94,8.53,2272.6,5785.8,3237.1,217.3
2026-09-09 18:41:24,10.45,0.66,8.33,1.47,0.00,0.00,9.35,12.68,12.12,7.46,2269.8,5788.6,3237.1,217.1
2026-09-09 18:41:34,11.22,1.08,8.36,1.76,0.00,0.03,7.78,14.26,12.16,10.20,2266.6,5791.8,3237.1,217.1
2026-09-09 18:41:44,11.75,0.58,9.19,1.99,0.00,0.00,6.93,15.90,14.63,8.85,2269.7,5788.7,3237.1,217.2
2026-09-09 18:41:54,11.43,0.81,8.94,1.68,0.00,0.00,9.82,15.32,11.63,8.55,2264.5,5793.9,3237.1,217.1
2026-09-09 18:42:04,11.21,0.97,8.64,1.60,0.00,0.00,9.93,9.28,14.59,10.73,2288.4,5769.9,3237.1,217.2
2026-09-09 18:42:14,10.50,0.68,8.28,1.52,0.00,0.03,16.04,4.15,11.62,11.06,2272.3,5786.0,3237.1,217.1
2026-09-09 18:42:24,7.00,0.71,5.49,0.79,0.00,0.00,10.30,3.54,7.87,6.98,2272.8,5785.6,3237.1,217.1
2026-09-09 18:42:34,8.37,0.37,6.76,1.24,0.00,0.00,13.30,3.35,7.07,10.59,2268.5,5789.9,3237.1,217.1
2026-09-09 18:42:44,9.56,0.81,7.57,1.18,0.00,0.00,15.02,6.03,9.83,8.07,2268.5,5789.9,3237.1,217.1
2026-09-09 18:42:54,10.98,0.63,8.51,1.83,0.00,0.00,16.73,5.76,11.23,11.09,2266.9,5791.5,3237.1,217.2
2026-09-09 18:43:04,11.16,0.74,8.75,1.68,0.00,0.00,13.23,6.09,13.60,12.02,2291.5,5766.9,3237.1,217.3
2026-09-09 18:43:14,9.69,0.53,7.79,1.37,0.00,0.00,15.17,4.67,11.28,8.25,2274.8,5783.5,3237.1,217.2
2026-09-09 18:43:24,10.09,0.84,7.78,1.47,0.00,0.00,18.42,4.65,10.02,8.76,2272.5,5785.9,3237.1,217.3
2026-09-09 18:43:34,9.48,0.58,7.66,1.24,0.00,0.00,18.90,5.05,7.42,7.98,2267.1,5791.3,3237.1,217.2
2026-09-09 18:43:44,10.17,0.74,7.98,1.45,0.00,0.00,15.18,5.54,10.76,10.13,2269.2,5789.2,3237.1,217.2
2026-09-09 18:43:54,9.49,0.70,7.22,1.56,0.00,0.00,16.63,5.71,10.39,5.94,2269.9,5788.5,3237.1,217.2
2026-09-09 18:44:04,9.74,0.70,7.41,1.61,0.00,0.03,17.38,6.59,6.79,8.85,2292.0,5766.4,3237.1,217.2
2026-09-09 18:44:14,9.61,0.49,7.44,1.68,0.00,0.00,15.26,6.05,10.71,6.87,2274.1,5784.3,3237.1,217.2
2026-09-09 18:44:24,10.69,0.65,8.21,1.83,0.00,0.00,17.47,8.96,8.03,9.08,2277.3,5781.0,3237.1,217.3
2026-09-09 18:44:34,9.82,0.52,7.93,1.37,0.00,0.00,16.65,5.66,12.22,5.45,2274.9,5783.4,3237.1,217.2
2026-09-09 18:44:44,10.45,0.54,8.10,1.79,0.00,0.03,17.74,6.95,9.45,8.56,2275.3,5783.1,3237.1,217.3
2026-09-09 18:44:54,9.60,0.60,7.48,1.53,0.00,0.00,15.75,5.67,11.36,6.05,2276.1,5782.3,3237.1,217.2
2026-09-09 18:45:04,10.96,0.77,9.36,0.83,0.00,0.00,12.20,10.21,13.04,8.67,2296.6,5761.8,3237.1,217.3
2026-09-09 18:45:14,5.22,0.62,3.95,0.65,0.00,0.00,11.43,3.23,1.83,4.85,2276.2,5782.1,3237.1,217.2
2026-09-09 18:45:24,4.95,0.52,3.81,0.62,0.00,0.00,9.59,3.44,4.80,2.73,2274.5,5783.8,3237.1,217.2
2026-09-09 18:45:34,4.71,0.55,3.54,0.62,0.00,0.00,7.89,3.24,4.13,3.74,2270.8,5787.6,3237.1,217.2
2026-09-09 18:45:44,5.79,0.73,4.44,0.62,0.00,0.00,8.29,3.53,5.95,5.58,2269.5,5788.9,3237.1,217.2
2026-09-09 18:45:54,5.04,0.52,4.00,0.52,0.00,0.00,6.58,2.23,7.37,4.13,2271.2,5787.2,3237.1,217.2
2026-09-09 18:46:04,4.95,0.86,3.65,0.41,0.00,0.03,7.71,2.92,4.94,4.64,2298.6,5759.8,3237.1,217.2
2026-09-09 18:46:14,4.17,0.57,3.15,0.44,0.00,0.00,8.54,1.73,3.33,3.35,2278.7,5779.7,3237.1,217.2
2026-09-09 18:46:24,4.67,0.73,3.45,0.49,0.00,0.00,9.71,3.32,2.95,3.32,2273.9,5784.5,3237.1,217.2
2026-09-09 18:46:34,3.98,0.55,3.09,0.34,0.00,0.00,5.91,2.13,3.04,5.14,2269.7,5788.7,3237.1,217.2
2026-09-09 18:46:44,5.17,0.68,3.87,0.62,0.00,0.00,7.31,3.12,4.26,6.24,2270.9,5787.5,3237.1,217.2
2026-09-09 18:46:54,6.22,0.83,4.62,0.78,0.00,0.00,11.10,4.45,6.63,3.13,2273.3,5785.0,3237.1,217.2
2026-09-09 18:47:04,13.62,0.85,11.80,0.98,0.00,0.00,15.60,8.69,14.44,15.98,2294.7,5763.7,3237.1,217.2
2026-09-09 18:47:14,6.89,0.60,5.39,0.91,0.00,0.00,11.05,3.12,7.42,6.49,2277.5,5780.9,3237.1,217.2
2026-09-09 18:47:24,7.11,0.60,5.66,0.86,0.00,0.00,10.97,4.65,5.29,7.73,2272.2,5786.1,3237.1,217.2
2026-09-09 18:47:34,9.36,0.65,7.06,1.66,0.00,0.00,14.22,5.05,9.28,9.33,2270.8,5787.5,3237.1,217.2
2026-09-09 18:47:44,9.17,0.76,6.82,1.56,0.00,0.03,9.63,6.34,11.21,9.43,2271.8,5786.6,3237.1,217.3
2026-09-09 18:47:54,8.57,0.52,6.54,1.51,0.00,0.00,12.80,3.77,9.86,8.39,2270.8,5787.5,3237.1,217.2
2026-09-09 18:48:04,9.83,0.73,7.62,1.48,0.00,0.00,15.87,5.97,11.72,6.73,2299.8,5758.6,3237.1,217.2
2026-09-09 18:48:14,8.93,0.62,6.95,1.35,0.00,0.00,10.73,4.07,11.34,9.76,2281.4,5777.0,3237.1,217.3
2026-09-09 18:48:24,9.90,0.98,7.51,1.40,0.00,0.00,14.24,4.96,10.72,10.12,2277.9,5780.5,3237.1,217.3
2026-09-09 18:48:34,9.47,0.57,7.17,1.73,0.00,0.00,17.23,6.14,9.63,5.54,2272.6,5785.7,3237.1,217.2
2026-09-09 18:48:44,9.45,0.76,7.21,1.48,0.00,0.00,17.49,4.26,12.50,4.65,2275.1,5783.2,3237.1,217.3
2026-09-09 18:48:54,6.53,0.79,4.71,1.02,0.00,0.00,9.20,3.42,6.85,6.64,2270.0,5788.4,3237.1,217.1
2026-09-09 18:49:04,11.67,0.66,8.17,2.84,0.00,0.00,14.68,8.71,11.28,12.06,2290.0,5768.4,3237.1,217.2
2026-09-09 18:49:14,8.71,0.46,6.42,1.83,0.00,0.00,12.86,5.22,10.24,7.05,2270.5,5787.9,3237.1,217.1
2026-09-09 18:49:24,7.29,0.64,5.30,1.33,0.00,0.03,9.19,3.23,9.31,7.04,2270.0,5788.3,3237.1,217.1
2026-09-09 18:49:34,7.16,0.89,5.13,1.14,0.00,0.00,7.42,4.02,10.47,7.12,2267.7,5790.6,3237.1,217.1
2026-09-09 18:49:44,8.07,0.46,5.82,1.79,0.00,0.00,9.28,4.23,10.00,9.03,2263.0,5795.3,3237.1,217.1
2026-09-09 18:49:54,5.48,0.51,4.13,0.84,0.00,0.00,7.77,3.02,5.64,5.51,2267.9,5790.5,3237.1,217.1
2026-09-09 18:50:04,6.35,0.74,4.54,1.07,0.00,0.00,8.34,4.22,6.36,6.71,2295.5,5762.9,3237.1,217.1
2026-09-09 18:50:14,8.88,0.46,6.72,1.71,0.00,0.00,11.16,4.42,10.46,9.73,2271.7,5786.7,3237.1,217.1
2026-09-09 18:50:24,8.50,0.69,6.21,1.60,0.00,0.00,11.56,5.12,8.16,9.12,2266.7,5791.7,3237.1,217.1
2026-09-09 18:50:34,10.10,0.48,7.63,1.96,0.00,0.03,16.00,4.74,10.08,9.62,2264.0,5794.4,3237.1,217.2
2026-09-09 18:50:44,10.72,0.59,7.74,2.39,0.00,0.00,14.16,4.23,13.54,11.18,2264.3,5794.1,3237.1,217.2
2026-09-09 18:50:54,8.49,0.56,6.22,1.71,0.00,0.00,11.80,3.94,9.63,8.69,2263.6,5794.8,3237.1,217.1
2026-09-09 18:51:04,10.43,0.46,7.30,2.67,0.00,0.00,10.32,7.04,11.16,13.37,2297.4,5761.0,3237.1,217.1
2026-09-09 18:51:14,2.95,0.71,1.98,0.25,0.00,0.00,4.57,1.81,2.62,2.81,2270.5,5787.8,3237.1,217.1
2026-09-09 18:51:24,2.17,0.59,1.51,0.08,0.00,0.00,1.73,1.81,2.61,2.60,2265.3,5793.1,3237.1,217.1
2026-09-09 18:51:34,2.78,0.54,1.99,0.25,0.00,0.00,3.19,1.41,3.51,3.12,2262.1,5796.2,3237.1,217.1
2026-09-09 18:51:44,2.58,0.56,1.79,0.23,0.00,0.00,3.10,1.51,3.31,2.31,2264.0,5794.4,3237.1,217.1
2026-09-09 18:51:54,2.68,0.59,1.84,0.26,0.00,0.00,3.30,1.71,2.74,3.01,2266.6,5791.8,3237.1,217.1
2026-09-09 18:52:04,3.11,0.76,1.99,0.36,0.00,0.00,3.74,2.51,3.30,2.92,2296.1,5762.3,3237.1,217.1
2026-09-09 18:52:14,2.75,0.59,1.91,0.25,0.00,0.00,3.30,2.00,3.41,2.51,2270.4,5788.0,3237.1,217.1
2026-09-09 18:52:24,2.55,0.49,1.84,0.23,0.00,0.00,1.71,1.92,3.32,2.93,2266.6,5791.8,3237.1,217.1
2026-09-09 18:52:34,2.29,0.56,1.55,0.15,0.00,0.03,3.42,1.31,2.51,2.00,2264.6,5793.8,3237.1,217.1
2026-09-09 18:52:44,2.49,0.51,1.83,0.15,0.00,0.00,4.05,1.51,2.31,2.20,2265.3,5793.1,3237.1,217.1
2026-09-09 18:52:54,2.17,0.59,1.48,0.10,0.00,0.00,2.99,1.50,1.91,2.31,2264.8,5793.6,3237.1,217.1
2026-09-09 18:53:04,9.44,0.53,6.92,1.99,0.00,0.00,11.95,6.14,11.20,8.62,2295.8,5762.6,3237.1,217.1
2026-09-09 18:53:14,4.57,0.64,3.22,0.72,0.00,0.00,6.67,2.71,4.73,4.41,2271.0,5787.4,3237.1,217.1
2026-09-09 18:53:24,5.28,0.54,3.82,0.92,0.00,0.00,7.74,2.22,6.53,4.64,2264.5,5793.9,3237.1,217.1
2026-09-09 18:53:34,6.21,0.48,4.64,1.10,0.00,0.00,6.08,3.10,8.25,7.62,2263.1,5795.3,3237.1,217.1
2026-09-09 18:53:44,5.43,0.61,3.75,1.07,0.00,0.00,6.28,1.72,8.23,5.21,2261.5,5796.9,3237.1,217.1
2026-09-09 18:53:54,5.73,0.79,4.09,0.84,0.00,0.00,7.01,3.34,6.42,6.21,2272.3,5786.0,3237.1,217.1
2026-09-09 18:54:04,5.11,0.74,3.75,0.59,0.00,0.03,8.97,3.31,4.75,3.80,2286.6,5771.8,3237.1,217.1
2026-09-09 18:54:14,5.78,0.62,4.34,0.82,0.00,0.00,6.30,3.63,6.80,6.24,2267.6,5790.7,3237.1,217.1
2026-09-09 18:54:24,5.63,0.67,4.34,0.62,0.00,0.00,6.84,4.21,6.34,5.52,2268.2,5790.2,3237.1,217.1
2026-09-09 18:54:34,6.09,0.67,4.52,0.90,0.00,0.00,9.00,3.32,7.53,4.83,2262.7,5795.7,3237.1,217.2
2026-09-09 18:54:44,5.88,0.64,4.47,0.77,0.00,0.00,6.76,3.64,7.85,5.24,2262.5,5795.8,3237.1,217.1
2026-09-09 18:54:54,4.94,0.59,3.73,0.61,0.00,0.00,7.22,2.52,7.63,2.42,2265.5,5792.9,3237.1,217.1
2026-09-09 18:55:04,9.20,0.54,6.79,1.86,0.00,0.00,10.83,8.43,9.28,8.44,2297.4,5761.0,3237.1,217.1
2026-09-09 18:55:14,2.86,0.54,2.21,0.10,0.00,0.00,5.10,1.91,2.92,1.81,2274.5,5783.8,3237.1,217.1
2026-09-09 18:55:24,3.31,0.69,2.41,0.18,0.00,0.03,5.40,1.61,4.00,2.41,2265.9,5792.5,3237.1,217.1
2026-09-09 18:55:34,2.78,0.51,2.08,0.18,0.00,0.00,3.95,1.81,3.23,2.12,2262.0,5796.4,3237.1,217.2
2026-09-09 18:55:44,3.31,0.64,2.54,0.13,0.00,0.00,3.62,1.91,4.10,3.53,2262.4,5796.0,3237.1,217.2
2026-09-09 18:55:54,3.01,0.57,2.24,0.21,0.00,0.00,7.36,1.31,2.01,1.91,2263.7,5794.6,3237.1,217.2
2026-09-09 18:56:04,3.23,0.74,2.38,0.10,0.00,0.00,5.27,2.51,2.42,2.61,2293.7,5764.7,3237.1,217.1
2026-09-09 18:56:14,7.42,4.67,2.59,0.15,0.00,0.00,7.87,5.83,8.57,7.79,2295.8,5762.6,3245.0,217.2
2026-09-09 18:56:24,6.33,3.60,2.47,0.26,0.00,0.00,8.14,4.85,6.56,5.66,2287.6,5770.8,3245.3,217.1
2026-09-09 18:56:34,6.19,3.53,2.40,0.23,0.00,0.03,8.46,4.35,5.97,6.34,2287.2,5771.2,3245.9,217.1
2026-09-09 18:56:44,11.22,8.32,2.75,0.15,0.00,0.00,13.61,8.65,11.49,11.40,2295.2,5763.1,3246.3,217.1
2026-09-09 18:56:54,18.77,10.00,4.23,0.23,0.00,4.31,19.87,16.89,19.54,18.77,2354.3,5704.1,3253.9,220.0
2026-09-09 18:57:04,12.54,4.41,6.46,1.64,0.00,0.03,13.93,10.92,13.53,11.85,2334.2,5724.2,3253.1,220.1
2026-09-09 18:57:14,10.69,6.26,3.97,0.46,0.00,0.00,14.52,9.44,9.23,9.81,2332.5,5725.9,3253.1,220.1
2026-09-09 18:57:24,10.56,5.46,4.28,0.82,0.00,0.00,12.55,10.14,9.68,10.19,2330.5,5727.8,3252.8,220.1
2026-09-09 18:57:34,12.22,6.73,4.11,0.82,0.00,0.56,11.58,13.31,10.48,13.28,2352.5,5705.9,3266.9,220.2
2026-09-09 18:57:44,9.62,5.00,4.00,0.62,0.00,0.00,11.49,7.73,10.35,9.05,2328.8,5729.5,3266.6,220.2
2026-09-09 18:57:54,9.30,5.67,3.17,0.44,0.00,0.03,9.02,9.01,9.12,9.94,2338.7,5719.7,3267.2,220.2
2026-09-09 18:58:04,11.25,6.27,4.24,0.75,0.00,0.00,12.55,10.01,11.37,11.35,2318.3,5740.1,3267.0,220.2
2026-09-09 18:58:14,11.79,6.65,4.60,0.54,0.00,0.00,14.32,11.29,10.45,11.48,2317.0,5741.3,3267.5,220.2
2026-09-09 18:58:24,8.74,4.45,3.60,0.69,0.00,0.00,10.88,6.34,8.38,9.37,2309.9,5748.5,3267.5,220.3
2026-09-09 18:58:34,12.23,7.97,3.59,0.67,0.00,0.00,17.91,10.49,9.70,11.17,2314.6,5743.8,3267.2,220.3
2026-09-09 18:58:44,9.43,6.29,2.76,0.36,0.00,0.03,9.11,9.49,11.78,7.22,2312.4,5746.0,3267.2,220.3
2026-09-09 18:58:54,5.84,4.29,1.47,0.08,0.00,0.00,4.73,6.80,5.83,5.85,2299.9,5758.5,3267.2,220.1
2026-09-09 18:59:04,6.06,5.61,0.45,0.00,0.00,0.00,4.65,4.22,7.26,8.39,2304.5,5753.9,3266.8,220.1
2026-09-09 18:59:14,5.41,5.11,0.28,0.03,0.00,0.00,5.52,7.29,5.32,3.31,2278.5,5779.8,3266.8,220.1
2026-09-09 18:59:24,3.57,3.31,0.25,0.00,0.00,0.00,3.31,2.31,2.71,6.03,2270.9,5787.5,3261.2,220.1
2026-09-09 18:59:34,3.74,3.46,0.28,0.00,0.00,0.00,8.63,2.31,2.51,1.51,2271.6,5786.8,3260.8,220.1
2026-09-09 18:59:44,3.58,3.28,0.25,0.03,0.00,0.03,6.73,3.21,2.59,1.70,2284.3,5774.1,3260.3,220.2
2026-09-09 18:59:54,0.85,0.73,0.13,0.00,0.00,0.00,0.70,1.00,1.30,0.40,2263.6,5794.8,3253.4,220.2
2026-09-09 19:00:04,2.03,1.88,0.15,0.00,0.00,0.00,2.81,1.41,2.01,1.80,2273.6,5784.8,3253.4,220.2
2026-09-09 19:00:14,0.73,0.65,0.08,0.00,0.00,0.00,1.31,0.30,0.60,0.80,2257.0,5801.4,3253.4,220.2
2026-09-09 19:00:24,0.92,0.72,0.20,0.00,0.00,0.00,1.50,0.50,1.00,0.70,2251.6,5806.8,3253.4,220.2
2026-09-09 19:00:34,0.60,0.50,0.10,0.00,0.00,0.00,0.71,0.30,0.60,0.80,2251.4,5807.0,3253.4,220.2
2026-09-09 19:00:44,0.68,0.63,0.05,0.00,0.00,0.00,0.70,0.60,0.30,1.00,2247.4,5811.0,3253.4,220.2
2026-09-09 19:00:54,0.60,0.50,0.08,0.00,0.00,0.03,0.80,0.60,0.50,0.40,2247.9,5810.5,3253.4,220.2
2026-09-09 19:01:04,1.10,0.93,0.18,0.00,0.00,0.00,1.00,1.60,1.30,0.70,2275.7,5782.7,3253.4,220.2
2026-09-09 19:01:14,0.63,0.58,0.05,0.00,0.00,0.00,0.60,1.20,0.20,0.40,2256.1,5802.3,3253.4,220.2
2026-09-09 19:01:24,0.70,0.63,0.08,0.00,0.00,0.00,1.20,0.80,0.60,0.30,2251.0,5807.3,3253.4,220.2
2026-09-09 19:01:34,0.65,0.55,0.08,0.03,0.00,0.00,0.80,0.80,0.90,0.20,2247.6,5810.8,3253.4,220.2
2026-09-09 19:01:44,0.92,0.78,0.15,0.00,0.00,0.00,1.00,1.30,0.60,0.40,2246.4,5812.0,3253.4,220.2
2026-09-09 19:01:54,0.53,0.43,0.10,0.00,0.00,0.00,1.00,0.30,0.80,0.20,2253.1,5805.3,3253.4,220.2
2026-09-09 19:02:04,0.80,0.63,0.18,0.00,0.00,0.00,1.31,0.70,0.90,0.40,2283.2,5775.2,3253.4,220.2
2026-09-09 19:02:14,0.75,0.63,0.13,0.00,0.00,0.00,1.20,0.80,0.40,0.60,2255.2,5803.2,3253.4,220.1
2026-09-09 19:02:24,1.03,0.95,0.08,0.00,0.00,0.00,2.21,0.70,0.30,0.70,2269.9,5788.5,3261.1,220.1
2026-09-09 19:02:34,5.01,4.46,0.45,0.05,0.00,0.05,3.91,6.39,4.52,5.39,2275.1,5783.3,3261.8,220.1
2026-09-09 19:02:44,4.19,3.86,0.33,0.00,0.00,0.00,3.53,3.81,3.90,5.52,2273.8,5784.6,3261.8,220.1
2026-09-09 19:02:54,5.67,5.32,0.35,0.00,0.00,0.00,6.43,5.09,6.19,5.14,2275.7,5782.7,3261.5,220.1
2026-09-09 19:03:04,8.63,7.77,0.75,0.00,0.00,0.10,7.77,10.48,6.42,9.64,2303.3,5755.0,3262.2,220.2
2026-09-09 19:03:14,6.08,5.63,0.43,0.03,0.00,0.00,4.13,7.56,3.52,8.99,2287.5,5770.9,3261.9,220.2
2026-09-09 19:03:24,6.59,6.12,0.45,0.03,0.00,0.00,5.02,7.59,7.32,6.51,2287.5,5770.8,3261.9,220.2
2026-09-09 19:03:34,6.13,5.77,0.35,0.00,0.00,0.00,3.95,10.62,4.92,5.00,2321.4,5737.0,3262.1,220.2
2026-09-09 19:03:44,5.91,5.51,0.38,0.00,0.00,0.03,4.03,4.81,9.21,5.74,2305.8,5752.5,3261.9,220.1
2026-09-09 19:03:54,8.64,8.18,0.45,0.00,0.00,0.00,8.19,11.28,6.07,8.82,2314.7,5743.7,3261.6,220.1
2026-09-09 19:04:04,6.30,5.77,0.53,0.00,0.00,0.00,5.52,5.62,4.41,9.66,2319.7,5738.7,3261.6,220.1
2026-09-09 19:04:14,5.48,5.15,0.33,0.00,0.00,0.00,5.63,4.84,3.71,7.73,2307.0,5751.4,3262.6,220.1
2026-09-09 19:04:24,7.15,6.87,0.28,0.00,0.00,0.00,6.96,6.93,6.96,7.74,2317.0,5741.4,3261.7,220.1
2026-09-09 19:04:34,7.83,7.35,0.45,0.03,0.00,0.00,6.26,7.75,10.54,6.74,2329.0,5729.3,3267.3,220.1
2026-09-09 19:04:44,9.16,8.69,0.45,0.03,0.00,0.00,8.73,8.98,10.38,8.65,2326.7,5731.7,3268.0,220.1
2026-09-09 19:04:54,18.09,9.13,1.29,0.05,0.00,7.62,19.59,18.71,20.24,13.77,2398.4,5660.0,3392.2,220.3
2026-09-09 19:05:04,12.98,12.38,0.60,0.00,0.00,0.00,8.08,17.98,17.33,8.63,2375.4,5683.0,3392.9,220.2
2026-09-09 19:05:14,11.25,10.65,0.60,0.00,0.00,0.00,9.38,9.23,15.73,10.61,2347.3,5711.1,3392.9,220.2
2026-09-09 19:05:24,12.15,11.62,0.50,0.00,0.00,0.03,11.71,10.89,14.51,11.47,2312.3,5746.1,3387.8,220.2
2026-09-09 19:05:34,6.19,5.76,0.43,0.00,0.00,0.00,5.92,7.03,5.31,6.39,2305.8,5752.6,3387.1,220.2
2026-09-09 19:05:44,7.30,6.85,0.43,0.03,0.00,0.00,7.51,10.61,5.32,5.85,2320.8,5737.6,3387.9,220.2
2026-09-09 19:05:54,6.82,6.26,0.53,0.03,0.00,0.00,7.16,5.86,5.31,8.86,2316.8,5741.6,3386.8,220.2
2026-09-09 19:06:04,7.18,6.63,0.53,0.00,0.00,0.03,6.54,5.14,10.05,7.00,2346.6,5711.8,3387.9,220.1
2026-09-09 19:06:14,4.44,4.07,0.38,0.00,0.00,0.00,6.01,5.63,2.41,3.71,2329.3,5729.1,3387.9,220.2
2026-09-09 19:06:24,5.06,4.71,0.33,0.03,0.00,0.00,3.80,4.70,4.90,6.63,2332.8,5725.5,3392.8,220.2
2026-09-09 19:06:34,17.90,6.38,0.61,0.00,0.00,10.92,17.78,18.13,16.92,18.96,2321.7,5736.7,3441.5,220.7
2026-09-09 19:06:44,5.24,4.94,0.30,0.00,0.00,0.00,5.59,5.62,5.21,4.52,2310.4,5748.0,3442.4,220.8
2026-09-09 19:06:54,5.68,5.06,0.55,0.03,0.00,0.05,9.56,4.42,4.50,3.90,2325.5,5732.9,3442.6,220.8
2026-09-09 19:07:04,5.82,5.37,0.45,0.00,0.00,0.00,5.25,7.57,6.31,4.31,2327.8,5730.5,3442.6,220.8
2026-09-09 19:07:14,5.20,4.85,0.33,0.00,0.00,0.03,4.15,7.31,4.02,5.40,2295.1,5763.2,3442.6,220.9
2026-09-09 19:07:24,4.52,4.35,0.18,0.00,0.00,0.00,5.04,3.80,3.22,6.14,2291.6,5766.8,3442.2,220.9
2026-09-09 19:07:34,3.94,3.69,0.25,0.00,0.00,0.00,4.62,3.71,3.41,3.82,2289.4,5769.0,3436.5,220.9
2026-09-09 19:07:44,4.18,3.95,0.20,0.03,0.00,0.00,3.13,5.34,6.42,2.01,2301.0,5757.4,3437.5,220.9
2026-09-09 19:07:54,5.79,5.36,0.40,0.00,0.00,0.03,5.69,6.39,4.42,6.63,2289.9,5768.5,3437.0,220.9
2026-09-09 19:08:04,4.64,4.21,0.40,0.03,0.00,0.00,7.80,2.92,4.23,3.50,2300.0,5758.4,3437.0,220.9
2026-09-09 19:08:14,4.56,4.28,0.28,0.00,0.00,0.00,5.92,4.61,3.60,4.20,2299.9,5758.5,3438.0,220.9
2026-09-09 19:08:24,1.40,1.23,0.18,0.00,0.00,0.00,0.70,2.71,1.00,1.40,2281.6,5776.8,3429.0,220.9
2026-09-09 19:08:34,1.10,0.93,0.15,0.03,0.00,0.00,0.60,1.60,1.10,1.00,2273.5,5784.9,3429.0,220.9
2026-09-09 19:08:44,1.83,1.70,0.10,0.03,0.00,0.00,1.31,2.10,1.81,1.90,2268.9,5789.5,3429.0,220.9
2026-09-09 19:08:54,0.70,0.63,0.05,0.00,0.00,0.03,0.90,0.30,0.70,1.00,2258.0,5800.4,3429.0,220.9
2026-09-09 19:09:04,3.71,3.36,0.35,0.00,0.00,0.00,4.14,2.80,3.50,4.61,2305.7,5752.7,3438.2,221.0
2026-09-09 19:09:14,8.29,7.89,0.40,0.00,0.00,0.00,8.81,9.76,7.22,7.38,2288.2,5770.2,3437.9,221.0
2026-09-09 19:09:24,13.22,12.44,0.73,0.03,0.00,0.03,9.14,16.38,9.44,17.75,2337.6,5720.8,3438.0,220.9
2026-09-09 19:09:34,6.48,6.11,0.38,0.00,0.00,0.00,7.85,7.55,3.71,6.93,2309.3,5749.1,3437.7,220.9
