ts,tput_mbps,cpu02,ram02,sig02,mcs02,cpu01,ram01,sig01,mcs01
1788960072,,14,195,-28,6,8,181,-28,7
1788960083,11.32,14,197,-29,7,7,184,-28,7
1788960094,9.75,15,198,-30,7,2,183,-26,7
1788960105,8.81,14,199,-30,7,3,182,-27,7
1788960116,10.07,17,198,-29,7,3,184,-28,7
1788960126,8.91,24,197,-31,7,3,182,-28,7
1788960137,9.86,18,197,-30,7,2,182,-30,7
1788960148,9.02,16,198,-29,7,5,181,-27,7
1788960159,8.91,16,196,-29,7,3,182,-29,7
1788960170,10.07,14,200,-28,7,2,183,-29,7
1788960181,9.12,16,197,-29,7,10,184,-24,7
1788960192,9.12,13,196,-29,7,5,184,-28,7
1788960202,9.23,15,196,-31,7,3,184,-28,7
1788960213,10.28,14,201,-31,7,2,183,-28,7
1788960224,9.12,14,198,-31,7,3,183,-29,7
1788960235,7.86,15,196,-29,7,2,184,-28,7
1788960245,10.07,20,201,-31,7,3,185,-29,7
1788960256,8.18,18,198,-29,7,2,185,-30,7
1788960266,9.23,18,201,-30,7,3,185,-30,7
1788960276,9.12,18,199,-29,7,3,186,-29,7
1788960287,9.12,18,198,-30,7,3,185,-28,7
1788960297,8.91,15,198,-30,7,4,185,-29,7
1788960307,9.23,18,200,-27,7,2,184,-28,7
1788960318,9.02,15,197,-29,7,2,183,-29,7
1788960328,9.12,17,201,-30,7,4,186,-30,7
1788960339,8.39,18,201,-29,7,6,187,-28,7
1788960349,9.02,18,199,-30,7,9,186,-28,6
1788960359,10.17,15,198,-29,7,10,187,-27,7
1788960370,9.02,17,199,-30,7,10,187,-29,7
1788960380,9.12,15,198,-30,7,11,183,-28,7
1788960390,9.02,15,197,-30,7,10,185,-27,7
1788960401,10.17,15,200,-29,7,12,185,-28,7
1788960411,9.12,13,197,-27,7,11,184,-29,7
1788960421,9.23,13,202,-30,7,11,184,-28,7
1788960432,9.33,15,198,-29,7,11,182,-29,7
1788960442,8.91,13,199,-29,7,10,185,-29,7
1788960453,10.07,13,201,-24,7,10,183,-29,7
1788960463,9.12,14,199,-29,7,11,184,-28,7
1788960473,9.12,15,199,-29,7,10,186,-29,7
1788960484,10.17,15,202,-29,7,12,186,-29,7
1788960494,8.91,16,199,-29,7,9,184,-27,7
1788960504,9.12,15,198,-30,7,6,182,-28,7
1788960515,9.02,14,202,-30,7,6,185,-30,7
1788960525,10.17,14,202,-29,7,8,185,-28,7
1788960535,9.12,14,201,-29,7,5,183,-28,7
1788960546,9.23,14,200,-29,7,6,184,-30,7
1788960556,9.44,15,200,-30,7,7,183,-29,7
1788960567,9.33,13,199,-29,7,8,184,-30,7
1788960577,9.44,15,202,-31,7,6,185,-30,7
1788960587,9.44,14,199,-29,7,6,185,-29,7
1788960598,9.44,15,204,-29,7,6,184,-29,7
1788960608,9.33,13,199,-29,7,7,184,-28,7
1788960618,8.39,13,201,-29,7,6,182,-24,7
1788960629,9.33,15,201,-29,7,9,184,-27,7
1788960639,9.54,15,202,-30,7,6,183,-28,7
1788960650,9.33,14,200,-29,7,2,185,-28,7
1788960660,9.33,15,200,-29,7,3,187,-30,7
1788960670,9.44,15,202,-30,7,1,184,-29,7
1788960681,9.33,16,199,-29,7,3,184,-28,7
1788960691,8.28,15,203,-29,7,3,184,-26,7
1788960701,9.54,14,201,-30,7,3,185,-28,7
1788960712,9.44,15,200,-30,7,2,186,-28,7
1788960722,9.23,13,202,-29,7,2,183,-30,7
1788960733,9.44,14,198,-29,7,1,182,-29,7
1788960743,9.44,14,202,-29,7,3,183,-29,7
1788960753,9.33,12,201,-29,7,2,184,-29,7
1788960763,9.44,16,203,-29,7,3,183,-29,7
1788960774,9.44,17,201,-29,7,1,184,-28,7
1788960784,9.44,16,201,-29,7,4,183,-28,7
1788960795,9.44,16,201,-31,7,4,183,-28,7
1788960805,8.39,15,202,-30,7,2,183,-29,7
1788960815,9.44,14,202,-29,7,1,183,-28,7
1788960826,9.54,12,200,-29,7,4,183,-30,7
1788960836,9.44,14,200,-29,7,3,183,-27,7
1788960846,8.39,14,199,-29,7,3,182,-28,7
1788960857,9.54,16,204,-31,7,2,182,-28,7
1788960867,9.44,13,202,-31,7,2,183,-30,7
1788960878,9.33,13,202,-29,7,2,183,-28,7
1788960888,9.44,15,201,-31,7,1,181,-28,7
1788960898,9.33,15,198,-29,7,2,184,-30,6
1788960909,8.39,16,202,-28,7,2,183,-28,7
1788960919,9.44,15,202,-29,7,1,182,-29,7
1788960929,9.44,15,202,-30,7,2,184,-28,7
1788960940,9.44,14,203,-29,7,2,183,-28,7
1788960950,9.33,17,198,-31,7,1,184,-27,6
1788960961,9.33,16,203,-29,7,2,183,-30,7
1788960971,8.49,15,200,-29,7,3,183,-28,7
1788960981,9.44,17,201,-30,7,3,183,-28,7
1788960991,9.54,16,203,-30,7,2,183,-29,7
1788961002,9.65,16,201,-33,7,3,182,-28,7
1788961012,8.39,18,199,-28,7,2,183,-28,7
1788961023,9.54,17,201,-29,7,4,183,-28,7
1788961033,9.44,19,202,-31,7,3,183,-29,6
1788961043,9.54,17,201,-29,7,1,184,-28,7
1788961054,9.44,18,202,-30,7,2,185,-28,7
1788961064,9.54,18,203,-29,7,2,186,-29,7
1788961074,8.49,18,202,-30,7,3,185,-29,7
1788961085,9.54,17,202,-29,7,2,181,-30,7
1788961095,9.75,18,202,-29,7,2,183,-28,7
1788961106,8.39,23,206,-27,7,2,181,-28,7
1788961116,9.54,24,204,-30,7,2,183,-28,7
1788961126,9.54,20,201,-29,7,3,182,-29,7
1788961136,9.54,21,204,-29,6,4,183,-28,7
1788961147,9.44,23,204,-29,7,2,183,-30,7
1788961157,8.49,22,202,-30,7,1,184,-28,7
1788961168,9.54,23,204,-30,7,2,183,-28,7
1788961178,9.54,21,199,-29,7,1,183,-29,7
1788961188,9.44,20,200,-29,7,4,182,-28,7
1788961199,9.54,22,201,-29,7,5,183,-28,7
1788961209,9.44,22,199,-29,7,3,184,-27,7
1788961219,9.54,21,201,-29,7,5,184,-28,7
1788961230,9.75,20,199,-24,7,5,183,-28,7
1788961240,8.39,23,199,-27,7,5,184,-27,7
1788961251,9.65,21,200,-28,7,10,182,-30,7
1788961261,8.39,20,202,-28,7,7,184,-29,7
1788961271,9.54,15,200,-30,7,6,182,-28,7
1788961282,9.65,19,201,-29,7,7,181,-28,7
1788961292,9.44,16,202,-29,7,10,182,-28,7
1788961302,9.54,17,202,-29,7,6,183,-26,7
1788961313,8.49,16,201,-29,7,6,184,-30,7
1788961323,9.54,14,201,-30,7,4,184,-29,7
1788961333,9.54,14,199,-28,7,3,183,-29,7
1788961344,8.60,14,202,-27,7,3,182,-30,7
1788961354,9.54,14,201,-29,7,2,181,-29,7
1788961365,9.65,15,204,-30,7,2,182,-27,7
1788961375,9.65,13,202,-31,7,1,181,-24,7
1788961386,9.44,15,203,-29,7,3,183,-28,6
1788961396,9.54,15,199,-30,7,4,182,-27,7
1788961406,9.54,13,203,-29,7,2,184,-29,7
1788961417,8.49,14,202,-29,7,4,182,-29,7
1788961427,9.75,16,200,-31,7,4,181,-30,7
1788961437,9.65,16,202,-30,7,3,182,-28,7
1788961448,8.39,15,202,-28,7,4,184,-30,7
1788961458,9.75,14,200,-29,7,3,183,-29,7
1788961468,9.65,15,201,-24,7,2,184,-28,7
1788961479,9.44,15,201,-29,6,4,183,-29,7
1788961489,8.49,13,201,-28,7,3,184,-28,7
1788961499,9.54,15,201,-28,7,3,181,-27,7
1788961510,9.44,15,202,-29,7,3,183,-28,7
1788961520,9.65,15,203,-30,7,2,182,-28,7
1788961531,8.60,15,201,-30,7,3,182,-28,7
1788961541,8.60,13,201,-28,7,4,182,-31,7
1788961551,9.54,13,204,-29,7,4,183,-28,7
1788961562,9.54,12,199,-30,7,5,183,-27,7
1788961572,9.54,14,201,-29,7,2,181,-28,7
1788961582,8.39,16,199,-31,7,2,181,-28,7
1788961593,9.44,15,199,-29,7,3,183,-28,7
1788961603,9.54,15,199,-30,7,3,183,-29,7
1788961613,9.54,13,200,-29,7,3,183,-29,7
1788961624,9.54,16,200,-28,7,2,184,-29,7
1788961634,9.54,15,200,-27,7,2,184,-28,7
1788961644,8.49,16,200,-30,7,2,182,-30,7
1788961655,9.65,15,201,-29,7,3,182,-28,7
1788961665,9.54,15,199,-29,7,2,183,-26,7
1788961676,9.54,12,200,-31,7,1,181,-29,7
1788961686,9.54,14,203,-29,7,3,183,-28,7
1788961696,9.44,13,199,-30,7,1,182,-29,7
1788961707,8.70,12,200,-30,7,1,182,-30,7
1788961717,9.54,13,206,-29,7,3,182,-26,7
1788961728,9.65,17,203,-29,7,2,182,-28,7
1788961738,9.86,17,201,-29,7,6,184,-28,7
1788961748,8.39,15,204,-28,7,1,186,-29,7
1788961759,9.54,16,203,-29,7,2,185,-28,7
1788961769,9.44,16,203,-30,7,3,184,-30,7
1788961779,9.54,19,206,-31,7,1,184,-29,7
1788961790,9.44,18,204,-30,7,3,183,-28,7
1788961800,9.65,19,199,-29,7,3,183,-30,7
1788961810,8.60,18,204,-24,7,1,182,-29,7
1788961821,9.54,17,203,-30,7,2,183,-28,7
1788961831,9.44,18,203,-30,7,3,182,-27,7
1788961841,9.33,17,201,-29,7,2,184,-28,7
1788961852,9.54,17,203,-30,7,7,185,-29,7
1788961862,8.49,18,204,-27,7,6,185,-26,7
1788961873,9.44,18,202,-34,7,5,186,-30,7
1788961883,9.54,16,201,-30,7,6,184,-28,7
1788961893,9.54,1,197,-30,7,2,180,-28,7
1788961903,9.30,2,199,-29,7,2,180,-28,7
1788961914,9.30,3,198,-30,7,3,181,-29,7
1788961924,9.30,5,198,-30,7,3,180,-27,7
1788961934,9.30,5,195,-30,7,0,180,-29,7
