ts,elapsed_s,phase,pktlen,dl_mbps,dl_loss_pct,ul_mbps,ul_loss_pct,ul_jitter_ms,rssi_dbm,tx_failed,tx_retries,mem_avail_kb,slab_kb,chip_temp_c,plink,note
2026-09-09 07:51:53,0,0,1400,4.11,0.000,4.18,0.640,4.547,-37,23,42867,5944128,218448,64,1,
2026-09-09 07:56:53,304,1,800,3.11,0.000,3.15,0.200,2.912,-36,25,50031,5983792,218416,64,1,
2026-09-09 08:01:54,604,2,400,2.06,0.000,2.09,0.320,2.190,-37,29,58832,5943808,218336,57,1,
2026-09-09 08:06:55,905,3,200,1.52,0.000,1.54,0.160,1.651,-36,31,68845,5924560,218384,57,1,
2026-09-09 08:11:56,1206,4,100,1.20,0.000,1.23,0.160,1.112,-38,34,76996,5911584,218208,57,1,
2026-09-09 08:16:57,1507,5,MIX,2.79,0.000,2.45,4.567,7.006,-37,37,85703,5944528,218096,64,1,
2026-09-09 08:21:57,1808,6,1400,4.11,0.000,4.18,0.540,4.588,-35,40,91153,5975776,218240,64,1,
2026-09-09 08:26:58,2108,7,800,3.11,0.000,3.15,0.200,2.977,-36,41,99195,5983392,218384,64,1,
2026-09-09 08:31:59,2409,8,400,2.06,0.000,2.09,0.290,2.220,-36,44,108574,5958240,218416,57,1,
2026-09-09 08:37:00,2710,9,200,1.52,0.000,1.54,0.180,1.594,-37,45,118344,5978080,218432,57,1,
2026-09-09 08:42:00,3011,10,100,1.20,0.000,1.23,0.160,1.147,-37,48,127906,5979840,218432,57,1,
2026-09-09 08:47:01,3311,11,MIX,2.84,0.000,2.39,1.840,7.531,-35,49,136701,5936288,218528,64,1,
2026-09-09 08:52:02,3612,12,1400,4.11,0.000,4.15,0.600,4.511,-37,53,141681,5947664,218384,64,1,
2026-09-09 08:57:03,3913,13,800,3.11,0.000,3.15,0.210,3.095,-36,54,149821,5938576,218400,64,1,
2026-09-09 09:02:03,4214,14,400,2.08,0.000,2.09,0.210,2.160,-37,56,159122,5939408,218304,57,1,
2026-09-09 09:07:04,4514,15,200,1.51,0.000,1.54,0.240,1.631,-40,59,169281,5929648,218320,57,1,
2026-09-09 09:12:05,4815,16,100,1.21,0.000,1.23,0.130,1.129,-36,61,178569,5959776,218320,57,1,
2026-09-09 09:17:06,5116,17,MIX,2.82,0.000,2.47,1.843,8.797,-38,63,187679,5956656,218368,64,1,
2026-09-09 09:22:07,5417,18,1400,4.13,0.000,4.19,0.400,4.544,-35,65,192900,5959520,218336,64,1,
2026-09-09 09:27:08,5718,19,800,3.10,0.000,3.15,0.310,2.934,-36,68,199988,5963616,218480,64,1,
2026-09-09 09:32:08,6019,20,400,2.08,0.000,2.09,0.180,2.144,-38,71,209007,5959296,218672,64,1,
2026-09-09 09:37:09,6319,21,200,1.50,0.000,1.54,0.270,1.577,-36,75,218113,5960768,218512,57,1,
2026-09-09 09:42:10,6620,22,100,1.21,0.000,1.23,0.130,1.136,-37,77,227414,5963824,218496,57,1,
2026-09-09 09:47:11,6921,23,MIX,2.83,0.000,2.44,1.890,7.083,-41,80,236704,5964816,218432,64,1,
2026-09-09 09:52:12,7222,24,1400,4.14,0.000,4.18,0.490,4.551,-38,82,242355,5962256,218320,64,1,
2026-09-09 09:57:12,7523,25,800,3.09,0.000,3.15,0.330,3.100,-36,85,250602,5945712,218304,64,1,
2026-09-09 10:02:13,7823,26,400,2.08,0.000,2.09,0.170,2.212,-38,87,260305,5946080,218544,57,1,
2026-09-09 10:07:14,8124,27,200,1.50,0.000,1.54,0.260,1.598,-36,90,269761,5945248,218560,57,1,
2026-09-09 10:12:14,8425,28,100,1.21,0.000,1.23,0.097,1.119,-37,92,278524,5968736,218576,57,1,
2026-09-09 10:17:16,8725,29,MIX,2.81,0.000,2.46,1.433,8.888,-36,95,286622,5959952,218448,64,1,
2026-09-09 10:22:17,9027,30,1400,4.14,0.000,4.19,0.450,4.532,-36,97,292448,5965120,218592,64,1,
2026-09-09 10:27:17,9328,31,800,3.08,0.000,3.15,0.310,3.022,-36,100,300453,5962144,218464,64,1,
2026-09-09 10:32:18,9628,32,400,2.07,0.000,2.09,0.230,2.201,-36,102,310267,5965472,218464,64,1,
2026-09-09 10:37:19,9929,33,200,1.50,0.000,1.54,0.250,1.567,-36,104,318923,5964576,218448,57,1,
2026-09-09 10:42:19,10230,34,100,1.21,0.000,1.23,0.130,1.133,-37,106,328032,5961808,218464,57,1,
2026-09-09 10:47:21,10530,35,MIX,2.83,0.000,2.49,1.303,6.786,-36,109,336378,5931552,218448,64,1,
2026-09-09 10:52:21,10832,36,1400,4.15,0.000,4.18,0.480,4.512,-39,110,342100,5942368,218448,64,1,
2026-09-09 10:57:22,11132,37,800,3.09,0.000,3.15,0.330,2.912,-40,113,349479,5936736,218448,64,1,
2026-09-09 11:02:23,11433,38,400,2.08,0.000,2.09,0.170,2.162,-36,114,358795,5962544,218464,64,1,
2026-09-09 11:07:23,11734,39,200,1.50,0.000,1.54,0.310,1.622,-36,117,368530,5963200,218512,57,1,
2026-09-09 11:12:24,12034,40,100,1.21,0.000,1.23,0.120,1.129,-36,120,377985,5957680,218384,57,1,
2026-09-09 11:17:25,12335,41,MIX,2.83,0.000,2.38,3.500,9.264,-38,123,386886,5960448,218544,64,1,
2026-09-09 11:22:26,12636,42,1400,4.14,0.000,4.18,0.490,4.509,-35,127,392351,5930448,218560,64,1,
2026-09-09 11:27:27,12937,43,800,3.09,0.000,3.15,0.320,2.942,-37,130,399594,5923824,218528,64,1,
2026-09-09 11:32:27,13238,44,400,2.07,0.000,2.09,0.240,2.197,-36,133,409033,5950848,218560,64,1,
2026-09-09 11:37:28,13538,45,200,1.51,0.000,1.54,0.260,1.589,-36,136,417897,5956960,218560,57,1,
2026-09-09 11:42:29,13839,46,100,1.21,0.000,1.23,0.130,1.133,-37,138,426876,5910992,218544,57,1,
2026-09-09 11:47:30,14140,47,MIX,2.83,0.000,2.45,2.170,8.587,-36,141,435213,5947344,218528,64,1,
2026-09-09 11:52:31,14441,48,1400,4.15,0.000,4.19,0.440,4.494,-36,141,440511,5935232,218768,64,1,
2026-09-09 11:57:34,14742,49,800,3.10,0.000,3.13,0.260,3.117,-35,143,449066,5938528,218640,64,1,
2026-09-09 12:02:34,15045,50,400,2.07,0.000,2.09,0.210,2.134,-37,145,457901,5935568,218656,64,1,
2026-09-09 12:07:35,15345,51,200,1.52,0.000,1.54,0.190,1.632,-36,146,467982,5958368,218512,57,1,
2026-09-09 12:12:36,15646,52,100,1.20,0.000,1.23,0.160,1.137,-40,149,477555,5956976,218688,57,1,
2026-09-09 12:17:37,15947,53,MIX,2.84,0.000,2.44,2.363,8.706,-40,151,485849,5955552,218544,64,1,
2026-09-09 12:22:38,16248,54,1400,4.09,0.000,4.18,0.680,4.514,-37,156,491241,5960160,218544,64,1,
2026-09-09 12:27:39,16549,55,800,3.11,0.000,3.15,0.170,2.907,-36,157,498233,5957136,218544,64,1,
2026-09-09 12:32:40,16850,56,400,2.06,0.000,2.09,0.290,2.226,-35,159,506960,5926560,218544,57,1,
2026-09-09 12:37:40,17151,57,200,1.52,0.000,1.54,0.160,1.598,-36,161,515627,5921760,218640,57,1,
2026-09-09 12:42:41,17451,58,100,1.20,0.000,1.23,0.220,1.151,-42,165,524371,5952448,218784,57,1,
2026-09-09 12:47:42,17752,59,MIX,2.78,0.000,2.49,1.530,8.705,-38,170,531516,5948384,218768,64,1,
2026-09-09 12:52:43,18053,60,1400,4.11,0.000,4.18,0.630,4.503,-39,174,535695,5954864,218576,64,1,
2026-09-09 12:57:44,18354,61,800,3.10,0.000,3.15,0.230,2.955,-36,176,542184,5950112,218592,64,1,
2026-09-09 13:02:45,18655,62,400,2.06,0.000,2.09,0.310,2.245,-37,179,551287,5952144,218720,57,1,
2026-09-09 13:07:46,18956,63,200,1.52,0.000,1.54,0.160,1.653,-37,182,561444,5951936,218608,57,1,
2026-09-09 13:12:46,19257,64,100,1.20,0.000,1.23,0.160,1.147,-37,185,570152,5951280,218544,57,1,
2026-09-09 13:17:48,19557,65,MIX,2.82,0.000,2.40,2.027,9.357,-38,194,577205,5949600,218624,64,1,
2026-09-09 13:22:48,19859,66,1400,4.10,0.000,4.18,0.660,4.570,-38,197,582872,5953696,218624,64,1,
2026-09-09 13:27:49,20159,67,800,3.10,0.000,3.15,0.190,3.121,-36,199,591054,5957360,218736,64,1,
2026-09-09 13:32:50,20460,68,400,2.07,0.000,2.09,0.300,2.203,-37,200,600391,5949536,218752,57,1,
2026-09-09 13:37:50,20761,69,200,1.52,0.000,1.54,0.160,1.638,-36,202,610638,5948352,218768,57,1,
2026-09-09 13:42:51,21061,70,100,1.20,0.000,1.23,0.190,1.120,-37,205,618383,5948160,218816,57,1,
2026-09-09 13:47:53,21362,71,MIX,2.81,0.000,2.45,1.917,8.956,-36,207,626224,5945520,218752,64,1,
2026-09-09 13:52:53,21664,72,1400,4.06,0.000,4.18,0.780,4.470,-36,210,631078,5945552,218720,64,1,
2026-09-09 13:57:54,21964,73,800,3.10,0.000,3.15,0.230,3.018,-36,212,638439,5947616,218720,64,1,
2026-09-09 14:02:55,22265,74,400,2.05,0.000,2.09,0.330,2.183,-37,215,646996,5945552,218736,57,1,
2026-09-09 14:07:55,22566,75,200,1.52,0.000,1.54,0.170,1.608,-37,218,656006,5948352,218736,57,1,
2026-09-09 14:12:56,22866,76,100,1.20,0.000,1.23,0.160,1.141,-38,221,664634,5948528,218832,57,1,
2026-09-09 14:17:58,23167,77,MIX,2.83,0.000,2.43,1.863,7.310,-39,223,671315,5945520,218896,64,1,
2026-09-09 14:22:58,23469,78,1400,4.11,0.000,4.18,0.680,4.499,-36,226,675482,5950656,218784,64,1,
2026-09-09 14:27:59,23769,79,800,3.10,0.000,3.15,0.210,3.102,-36,228,683629,5948080,218752,64,1,
2026-09-09 14:33:00,24070,80,400,2.05,0.000,2.09,0.340,2.138,-38,231,691909,5942992,218752,57,1,
2026-09-09 14:38:01,24371,81,200,1.52,0.000,1.54,0.180,1.558,-39,233,700309,5947184,218736,57,1,
2026-09-09 14:43:01,24672,82,100,1.20,0.000,1.23,0.180,1.139,-38,236,708780,5880304,218704,57,1,
2026-09-09 14:48:03,24972,83,MIX,2.84,0.000,2.40,2.427,9.350,-37,238,716806,5885360,218832,64,1,
2026-09-09 14:53:04,25274,84,1400,4.09,0.000,4.18,0.740,4.586,-38,241,722194,5896016,218752,64,1,
2026-09-09 14:58:05,25575,85,800,3.10,0.000,3.15,0.220,2.870,-37,243,728855,5928928,218896,57,1,
2026-09-09 15:03:06,25876,86,400,2.05,0.000,2.08,0.360,2.212,-35,246,737466,5921744,218912,57,1,
2026-09-09 15:08:07,26177,87,200,1.52,0.000,1.54,0.160,1.674,-40,248,747580,5943600,218880,57,1,
2026-09-09 15:13:07,26478,88,100,1.21,0.000,1.23,0.099,1.133,-37,249,755818,5906944,218880,57,1,
2026-09-09 15:18:09,26778,89,MIX,2.81,0.000,2.42,1.700,7.343,-37,252,762949,5935840,218896,64,1,
2026-09-09 15:23:09,27080,90,1400,4.14,0.000,4.19,0.430,4.510,-38,254,767773,5915536,218768,64,1,
2026-09-09 15:28:10,27380,91,800,3.08,0.000,3.15,0.340,3.057,-36,256,775258,5945088,218768,64,1,
2026-09-09 15:33:11,27681,92,400,2.08,0.000,2.09,0.210,2.165,-38,258,783527,5896704,218784,57,1,
2026-09-09 15:38:11,27982,93,200,1.50,0.000,1.54,0.260,1.560,-39,260,791024,5944224,218864,57,1,
2026-09-09 15:43:12,28282,94,100,1.21,0.000,1.23,0.120,1.123,-37,262,798789,5946448,218912,57,1,
2026-09-09 15:48:14,28583,95,MIX,2.82,0.000,2.41,2.303,9.162,-38,265,806739,5907520,218800,64,1,
2026-09-09 15:53:15,28885,96,1400,4.12,0.000,4.19,0.370,4.550,-37,267,811443,5854832,221840,64,1,
2026-09-09 15:58:16,29186,97,800,3.08,0.000,3.15,0.340,3.029,-39,270,818647,5917328,221904,64,1,
2026-09-09 16:03:16,29487,98,400,2.08,0.000,2.09,0.220,2.231,-36,271,827948,5877664,221888,57,1,
2026-09-09 16:08:17,29787,99,200,1.50,0.000,1.54,0.290,1.625,-37,274,837698,5902048,221952,57,1,
2026-09-09 16:13:18,30088,100,100,1.21,0.000,1.23,0.110,1.140,-37,276,846542,5820864,221920,57,1,
2026-09-09 16:18:19,30389,101,MIX,2.82,0.000,2.41,2.900,9.172,-38,279,855342,5902656,222144,64,1,
2026-09-09 16:23:20,30690,102,1400,4.13,0.000,4.18,0.470,4.551,-41,281,860051,5909216,222144,64,1,
2026-09-09 16:28:21,30991,103,800,3.10,0.000,3.15,0.310,3.118,-36,284,867939,5909552,222128,64,1,
2026-09-09 16:33:21,31292,104,400,2.08,0.000,2.09,0.190,2.270,-36,286,877029,5881616,222176,57,1,
2026-09-09 16:38:22,31592,105,200,1.50,0.000,1.54,0.270,1.600,-38,288,885937,5881600,222016,57,1,
2026-09-09 16:43:23,31893,106,100,1.21,0.000,1.23,0.098,1.139,-37,290,894808,5898560,221968,57,1,
2026-09-09 16:48:24,32194,107,MIX,2.79,0.000,2.58,1.767,7.706,-33,294,903233,5899456,221968,64,1,
2026-09-09 16:53:25,32495,108,1400,4.13,0.000,4.19,0.440,4.376,-35,296,907429,5900880,221984,64,1,
2026-09-09 16:58:25,32796,109,800,3.09,0.000,3.15,0.320,2.921,-34,299,913781,5818512,222016,57,1,
2026-09-09 17:03:26,33096,110,400,2.08,0.000,2.09,0.190,2.056,-36,301,920696,5816272,222032,57,1,
2026-09-09 17:08:27,33397,111,200,1.50,0.000,1.54,0.250,1.600,-36,303,928925,5920880,222128,57,1,
2026-09-09 17:13:28,33698,112,100,1.21,0.000,1.23,0.110,1.117,-38,305,936598,5921168,222112,57,1,
2026-09-09 17:18:29,33999,113,MIX,2.79,0.000,2.46,1.817,6.956,-36,310,944141,5907696,222192,64,1,
2026-09-09 17:23:30,34300,114,1400,4.13,0.000,4.18,0.520,4.427,-33,314,948583,5907952,222176,64,1,
2026-09-09 17:28:30,34601,115,800,3.08,0.000,3.15,0.300,2.798,-34,317,953919,5928720,222128,64,1,
2026-09-09 17:33:31,34901,116,400,2.08,0.000,2.09,0.170,2.187,-39,318,962310,5933792,222144,57,1,
2026-09-09 17:38:32,35202,117,200,1.50,0.000,1.54,0.260,1.617,-35,321,970497,5933808,222160,57,1,
2026-09-09 17:43:33,35503,118,100,1.21,0.000,1.23,0.130,1.114,-38,323,978128,5931392,222176,57,1,
2026-09-09 17:48:34,35804,119,MIX,2.82,0.000,2.48,1.543,6.830,-35,327,985805,5910096,222288,64,1,
2026-09-09 17:53:35,36105,120,1400,4.15,0.000,4.18,0.570,4.384,-33,329,989933,5879072,222368,64,1,
2026-09-09 17:58:35,36406,121,800,3.08,0.000,3.14,0.350,2.894,-35,332,995763,5911360,222880,64,1,
2026-09-09 18:03:36,36706,122,400,2.08,0.000,2.09,0.210,2.063,-34,334,1001938,5905520,222816,57,1,
2026-09-09 18:08:38,37007,123,200,1.52,0.000,1.52,0.270,1.566,-33,337,1008768,5908720,222496,57,1,
2026-09-09 18:13:38,37309,124,100,1.21,0.000,1.23,0.110,1.110,-34,338,1015694,5920544,222496,57,1,
2026-09-09 18:18:40,37609,125,MIX,2.83,0.000,2.40,8.523,7.519,-34,340,1021200,5908400,222464,64,1,
2026-09-09 18:23:43,37911,126,1400,4.11,0.000,4.18,0.510,4.331,-37,343,1024761,5894144,222448,64,1,
2026-09-09 18:28:44,38214,127,800,3.10,0.000,3.15,0.230,2.853,-34,345,1030317,5924208,222320,57,1,
2026-09-09 18:33:44,38515,128,400,2.05,0.000,2.09,0.290,2.124,-34,348,1037678,5924032,222304,57,1,
2026-09-09 18:38:45,38815,129,200,1.52,0.000,1.54,0.160,1.570,-34,350,1044865,5925824,222304,57,1,
2026-09-09 18:43:46,39116,130,100,1.20,0.000,1.23,0.150,1.111,-35,353,1051664,5925616,222448,57,1,
2026-09-09 18:48:47,39417,131,MIX,2.84,0.000,2.46,3.007,6.992,-35,355,1057879,5923600,222336,64,1,
2026-09-09 18:53:48,39718,132,1400,4.12,0.000,4.18,0.720,4.353,-35,358,1061423,5924848,222304,64,1,
2026-09-09 18:58:48,40019,133,800,3.10,0.000,3.15,0.210,2.955,-33,361,1067751,5881216,225536,57,1,
